OverallQual,GrLivArea,GarageCars,GarageArea,TotalBsmtSF,SalePrice,Cluster
7,1710,2,548,856,208500,0
6,1262,2,460,1262,181500,0
7,1786,2,608,920,223500,1
7,1717,3,642,756,140000,0
8,2198,3,836,1145,250000,1
5,1362,2,480,796,143000,0
8,1694,2,636,1686,307000,1
7,2090,2,484,1107,200000,1
7,1774,2,468,952,129900,0
5,1077,1,205,991,118000,2
5,1040,1,384,1040,129500,2
5,912,1,352,912,144000,2
7,1494,3,840,1494,279500,1
6,1253,1,352,1253,157000,2
7,854,2,576,832,132000,0
6,1004,2,480,1004,149000,0
5,1114,2,576,1114,159000,0
5,1339,1,294,1029,139000,2
7,1108,1,280,637,139400,2
8,1795,2,534,1777,230000,1
5,1060,2,572,1040,129900,0
5,1060,1,270,1060,154000,2
8,1600,3,890,1566,256300,1
5,900,2,576,900,134800,0
8,1704,3,772,1704,306000,1
5,1600,1,319,1484,207500,0
4,520,1,240,520,68500,2
4,1317,1,250,649,40000,2
5,1228,1,271,1228,149350,2
8,1234,2,484,1234,179900,1
5,1700,2,447,1398,165500,0
9,1561,2,556,1561,277500,1
8,2452,3,691,1117,309000,1
5,1097,2,672,1097,145000,0
5,1297,2,498,1297,153000,0
5,1057,1,246,1057,109000,2
6,1324,2,440,1088,160000,0
5,1328,1,308,1350,170000,2
5,884,2,504,840,144000,0
5,938,1,308,938,130250,2
5,1150,1,300,1150,141000,2
9,1752,2,576,1752,319900,1
7,2149,2,670,1434,239686,1
8,1656,3,826,1656,249700,1
4,1452,0,0,736,113000,2
5,955,1,386,955,127000,2
6,1470,2,388,794,177000,0
6,1176,2,528,816,114500,0
5,816,2,516,816,110000,0
5,1360,2,572,384,130000,0
6,1425,2,576,1425,180500,0
8,1739,2,480,970,172500,1
7,1720,2,565,860,196500,0
5,780,1,352,780,124900,2
6,1158,2,576,1158,158000,0
5,1111,1,288,530,101000,2
8,1370,2,484,1370,202500,1
7,1710,2,480,576,140000,0
7,2034,2,645,1057,219500,1
8,2473,3,852,1143,317000,1
7,2207,2,576,1947,180000,1
7,1479,2,558,1453,226000,1
4,747,1,220,747,80000,2
7,2287,2,667,1304,225000,1
4,845,2,360,845,129500,2
7,1718,2,427,832,185000,0
5,1086,2,490,1086,144900,0
3,1605,1,379,840,107400,2
4,988,1,297,462,91000,2
4,952,1,283,952,135750,2
5,1285,1,240,672,127000,2
4,1768,0,0,1768,136500,2
5,1230,2,440,440,110000,0
6,2142,1,509,896,193500,0
6,1337,2,405,1237,153500,0
8,1563,3,758,1563,245000,1
5,1065,2,461,1065,126500,0
7,1474,2,400,384,168500,0
8,2417,2,462,1288,260000,1
6,1560,2,400,684,174000,0
6,1224,2,528,612,164500,0
3,1526,0,0,1013,85000,2
4,990,0,0,990,123600,2
5,1235,2,480,1235,98600,0
5,964,2,432,876,163500,0
6,2291,2,506,1214,133900,0
6,1786,2,684,824,204750,0
6,1470,2,420,680,185000,0
7,1588,2,472,1588,214000,1
4,960,1,432,960,94750,2
5,835,1,366,458,83000,2
4,1225,0,0,950,128950,2
6,1610,2,480,1610,205000,1
6,1732,2,476,741,178000,0
7,1226,3,740,1226,198900,1
7,1818,1,240,1040,169500,2
8,1992,2,648,1053,250000,1
4,1047,1,273,641,100000,2
5,789,1,250,789,115000,2
5,1517,0,0,793,115000,2
6,1844,2,546,1844,190000,1
6,1855,1,325,994,136900,2
7,1430,2,400,384,180000,0
6,2259,2,450,1809,217000,1
6,2320,1,180,1028,259500,1
6,1458,2,440,729,176000,0
5,1092,1,288,1092,139000,2
5,1125,2,430,1125,155000,0
6,1456,2,390,728,163990,0
6,988,2,540,938,180000,0
4,1123,1,264,732,100000,2
6,1080,1,288,1080,136000,2
6,1199,2,530,1199,153900,0
6,1586,2,435,1362,181000,0
6,754,0,0,520,84500,2
6,958,2,440,1078,128000,0
5,840,0,0,672,87000,2
6,1348,2,453,660,155000,0
5,1053,2,750,1008,150000,0
7,2157,2,487,924,226000,1
6,2054,2,390,992,244000,1
5,1327,2,624,1063,150750,0
8,1296,2,471,1267,220000,1
5,1721,2,440,1461,180000,0
7,1682,2,530,1304,174000,1
5,1214,1,318,1214,143000,2
7,1959,3,766,1907,171000,1
8,1852,3,660,1004,230000,1
6,1764,2,470,928,231500,0
4,864,0,0,864,115000,2
7,1734,2,660,1734,260000,1
5,1385,2,720,910,166000,0
7,1501,2,577,1490,204000,1
5,1728,2,504,1728,125000,0
6,1709,2,380,970,130000,0
5,875,1,180,715,105000,2
7,2035,2,434,884,222500,1
7,1080,0,0,1080,141000,2
5,1344,1,240,896,115000,2
5,969,2,440,969,122000,0
6,1993,2,495,825,190000,0
6,1252,2,564,1602,235000,1
6,1200,1,312,1200,125000,2
6,1096,0,0,572,79000,2
8,1968,3,680,774,269500,1
7,1947,2,678,991,254900,1
7,2462,2,576,1392,320000,1
6,1232,2,516,1232,162500,0
7,1541,2,532,1541,220000,1
4,882,0,0,882,103200,2
6,1616,1,216,1149,152000,2
5,1355,0,0,644,127500,2
5,1867,1,303,1617,190000,0
7,1720,2,440,840,183500,0
8,1707,2,511,1686,228000,1
5,1382,2,660,720,128500,0
6,1656,2,528,1080,215000,0
7,1767,2,504,1064,239000,1
6,1362,2,504,1362,163000,0
6,1651,2,616,1606,184000,1
6,2158,2,576,1202,243000,1
6,2060,2,521,1151,211000,1
5,1920,2,451,1052,172500,0
5,968,2,480,968,100000,0
6,1525,2,440,756,177000,0
7,1802,1,216,793,200100,2
7,2082,2,484,1362,200000,1
5,1252,2,576,504,127000,0
7,1217,2,497,1188,173000,0
5,1656,1,180,660,135000,2
5,1224,2,528,1086,153337,0
8,1593,2,682,1593,286000,1
8,2727,2,440,853,315000,1
7,1479,2,484,725,184000,0
7,1431,2,666,1431,192000,1
7,1709,2,380,970,130000,0
5,864,1,352,864,127000,2
6,1456,2,440,855,148500,0
7,1726,3,786,1726,311872,1
6,2229,0,0,755,104000,2
8,1713,3,856,1713,274900,1
4,1121,2,440,1121,140000,0
6,1279,2,473,1196,171500,0
6,1310,1,398,617,112000,2
6,848,2,420,848,149000,0
5,1284,1,240,720,110000,2
7,1442,2,500,1424,180500,1
5,1696,1,349,1140,143900,2
4,1100,1,312,1100,141000,2
7,2062,2,454,1157,277000,1
6,1092,2,504,1092,145000,0
5,864,0,0,864,98000,2
6,1212,2,460,1212,186000,0
7,1852,2,644,900,252678,1
5,990,2,576,990,156000,0
6,1392,1,299,689,161750,2
5,1236,1,447,1070,134450,2
7,1436,2,484,1436,210000,1
4,1328,1,210,686,107000,2
7,1954,2,431,798,311500,1
7,1248,2,438,1248,167240,0
7,1498,2,675,1498,204900,1
6,2267,2,390,1010,200000,1
6,1552,2,434,713,179900,0
4,864,2,576,864,97000,0
5,1302,1,280,630,112000,2
7,2520,3,721,1203,290000,1
6,987,1,280,483,106000,2
5,912,1,336,912,125000,2
7,1555,2,430,1373,192500,1
6,1194,1,312,1194,148000,2
6,987,1,288,483,94500,2
5,894,1,308,894,128200,2
6,1960,2,440,860,216500,0
6,987,1,264,483,89500,2
7,1414,2,494,1414,185500,1
7,1744,2,457,996,194500,0
8,1694,3,818,1694,318000,1
6,1487,1,220,735,113000,2
8,1566,2,750,1566,262500,1
5,866,0,0,686,110500,2
5,1440,1,352,540,79000,2
6,1217,1,288,626,120000,2
7,2110,2,463,948,205000,1
7,1872,2,604,1845,241500,1
6,1928,1,440,1020,137000,0
6,1375,2,451,1367,140000,0
7,1668,2,500,840,180000,0
6,2144,2,389,1444,277000,1
3,1306,0,0,728,76500,2
8,1625,2,538,1573,235000,1
6,1640,2,520,798,173000,0
6,1302,1,309,1302,158000,2
5,1314,1,294,1314,145000,2
7,2291,2,429,975,230000,1
6,1728,2,673,864,207500,0
7,1604,2,660,1604,220000,1
7,1792,2,564,963,231500,1
6,1382,2,884,1362,176000,1
8,2574,3,868,1482,276000,1
6,1212,2,492,506,151000,0
5,1316,2,484,926,130000,0
5,764,2,504,680,73000,0
6,1422,2,576,1422,175500,0
6,1511,2,413,802,185000,0
5,2192,1,240,720,179500,2
5,778,1,924,740,120500,0
6,1113,1,504,1143,148000,0
7,1363,2,439,1385,241500,1
8,2270,3,671,1152,290000,1
6,1632,1,338,1240,139000,2
5,816,1,264,816,124500,2
7,1548,2,672,952,205000,1
7,1560,2,573,1560,201000,1
4,864,2,400,864,141000,0
7,2022,2,505,1160,192000,1
7,1982,2,575,807,228500,1
6,1262,2,572,1262,185000,0
7,1314,2,626,1314,207500,1
8,1468,3,898,1468,244600,1
6,1575,2,529,1575,179200,1
7,1250,2,528,625,164700,0
6,1734,2,440,912,159000,0
4,858,0,0,858,88000,2
5,900,1,280,882,122000,2
6,1396,1,384,698,153575,2
8,1919,2,685,1079,233230,1
5,1716,0,0,780,135900,2
5,1716,1,281,768,131000,2
7,2263,2,539,795,235000,1
6,1644,2,418,1416,167000,0
6,1003,2,588,1003,142500,0
5,1558,1,282,910,152000,2
7,1950,2,576,975,239000,1
6,1743,2,539,702,175000,0
6,1152,1,300,1092,158500,2
5,1336,1,375,1165,157000,2
8,2452,2,683,1028,267000,1
7,1541,3,843,1541,205000,1
5,894,2,552,894,149900,0
7,2243,3,746,700,225000,1
6,1406,0,0,319,89500,2
4,861,2,539,861,82500,0
6,1501,2,420,697,165600,0
6,972,1,240,972,132000,2
5,1118,2,410,793,119900,0
7,1641,2,546,728,178000,0
7,1432,2,432,716,188500,0
7,2353,2,484,845,260000,1
7,2646,3,656,1347,260000,1
7,1472,2,588,1372,187500,1
7,2730,2,576,1502,301000,1
3,1163,1,220,1162,126175,2
5,803,2,360,720,87000,2
6,1383,1,292,1383,145250,2
6,2134,2,441,844,214500,0
5,1192,1,189,596,78000,2
5,1728,1,352,1728,119000,2
5,1056,1,308,1056,139000,2
7,1358,2,484,1358,207000,1
6,1638,2,472,943,192000,0
5,1786,2,529,1499,228950,1
7,1536,2,532,1536,214000,1
7,1621,2,440,1208,202500,1
6,1215,1,297,1215,155000,2
8,1908,2,431,967,202900,1
4,841,1,294,721,82000,2
9,1684,2,564,1684,266000,1
5,1112,1,336,536,85000,2
6,1577,1,312,972,140200,2
6,958,1,301,958,151500,2
6,1478,2,498,1478,157500,0
7,1626,2,474,764,154000,0
9,1869,2,617,1869,318061,1
7,1453,2,445,1453,190000,1
5,1111,1,200,616,95000,2
6,720,2,484,624,105900,0
6,1595,1,240,940,140000,2
6,1200,2,521,1200,177500,0
6,1167,2,400,1158,173000,0
5,1142,2,528,1142,134000,0
5,1352,1,288,1062,130000,2
8,1924,2,592,1086,280000,1
6,912,2,470,888,156000,0
5,1505,1,240,883,145000,2
6,987,1,264,483,118000,2
6,1574,2,566,796,190000,0
5,1344,1,468,672,147000,2
6,1394,2,514,1394,159000,0
6,1431,1,296,1099,165000,2
5,1268,1,244,1268,132000,2
5,1287,2,576,1063,162000,0
6,1664,2,460,953,172400,0
6,752,1,264,744,125000,2
5,1319,1,270,608,123000,2
7,1928,2,434,847,219500,1
5,914,2,576,870,148000,0
6,1800,2,463,982,179000,0
5,1691,1,308,1026,127000,2
7,1301,2,572,1293,187750,1
7,1797,2,639,939,213500,1
6,784,2,360,784,76000,0
6,1953,2,501,1580,240000,1
8,1269,2,430,1256,192000,1
5,1184,0,0,658,81000,2
6,1125,1,352,1041,125000,2
7,1479,2,577,1468,191000,1
5,1367,1,384,861,119000,2
6,1961,2,560,804,215000,0
4,788,0,0,788,100000,2
5,1034,1,240,735,109000,2
5,1144,1,596,1144,129000,0
5,894,2,600,894,123000,0
5,1812,1,264,864,169500,2
5,1077,1,338,961,67000,2
7,1550,2,438,1092,241000,1
8,1288,2,500,1260,245500,1
7,1310,2,400,1310,164990,0
5,672,1,240,672,108000,2
8,2263,2,420,1141,258000,1
6,1572,2,373,806,168000,0
4,1620,2,490,1281,150000,0
6,1639,1,240,1064,115000,2
6,1680,1,308,840,177000,2
7,2172,3,947,1063,280000,1
5,1276,1,350,1276,60000,2
5,1056,2,572,1056,145000,0
7,1478,2,484,1470,222000,1
5,1028,2,360,1008,115000,0
7,2097,3,678,1080,228000,1
7,1340,2,396,1340,181134,0
6,1400,2,440,672,149500,0
6,2624,3,864,1370,239000,1
5,1134,1,240,756,126000,2
5,1056,1,304,1056,142000,2
6,1602,2,529,1602,215000,1
5,988,2,520,988,113000,0
8,2630,3,696,1470,315000,1
6,1196,1,297,1196,139000,2
7,1389,1,240,651,135000,2
7,1644,2,569,1518,275000,1
4,907,1,352,907,109008,2
7,1208,2,628,1208,195400,0
6,1412,2,576,1392,175000,0
6,987,1,264,483,85400,2
6,1198,0,0,901,79900,2
5,1365,2,440,765,122500,0
6,1604,2,470,926,181000,0
4,630,0,0,630,81000,2
7,1661,2,550,799,212000,0
6,1118,2,440,648,116000,0
6,904,1,180,884,119000,2
5,694,1,352,440,90350,2
6,1196,2,528,684,110000,0
4,1440,0,0,1440,118000,2
5,1573,2,360,1078,162900,0
7,1258,3,648,1258,172500,1
7,1908,2,493,915,210000,1
6,1689,2,480,1436,127500,0
6,1888,2,578,1517,190000,1
7,1886,2,431,930,199900,1
6,1376,1,198,780,119500,2
3,1183,1,308,649,120000,2
6,813,1,270,813,110000,2
7,1533,2,576,1533,280000,1
6,1756,2,422,872,204000,0
8,1590,2,676,768,210000,1
5,1728,2,560,1728,188000,1
7,1242,2,528,1242,175500,0
5,1344,3,513,624,98000,0
4,1663,2,529,1364,256000,0
8,1666,1,228,588,161000,2
5,1203,1,352,709,110000,2
8,1935,2,552,832,263435,1
7,1135,2,576,560,155000,0
5,864,1,360,864,62383,2
6,1660,1,240,715,188700,2
5,1040,0,0,1040,124000,2
7,1414,2,398,1375,178740,0
7,1277,2,526,1277,167000,0
5,1644,1,312,728,146500,2
8,1634,3,866,1626,250000,1
6,1710,2,506,832,187000,0
8,1502,2,528,1488,212000,1
7,1969,2,534,808,190000,0
6,1072,2,525,547,148000,0
8,1652,2,499,1494,251000,1
5,970,2,624,970,132500,0
6,1493,2,508,1478,208900,1
8,1718,3,826,1705,297000,1
4,1131,2,672,907,89471,0
7,1826,1,164,910,155000,2
6,1216,2,402,1216,164000,0
5,999,1,264,999,132500,2
5,1113,1,264,1113,147000,2
5,1073,2,515,1073,156000,0
5,1484,2,487,1484,175000,0
5,2414,2,520,954,160000,0
4,630,1,286,630,86000,2
5,1304,1,336,264,115000,2
6,1578,1,240,806,133000,2
6,1456,2,429,728,172785,0
5,1269,1,308,1269,155000,2
5,886,1,273,190,91300,2
4,720,0,0,720,34900,2
7,1820,1,240,1026,184000,0
5,899,1,288,864,130000,2
5,912,1,297,912,120000,2
6,1218,1,264,672,113000,2
7,1768,2,603,866,226700,1
5,1214,2,461,1214,140000,0
7,1801,2,484,1501,289000,1
6,1322,2,440,855,147000,0
5,1960,2,400,960,124500,0
8,1911,2,471,777,215000,1
6,1218,2,676,1218,208300,0
7,1378,2,360,689,161000,0
5,1041,1,270,1041,124500,2
5,1363,1,288,1008,164900,2
7,1368,2,474,1368,202665,1
5,864,2,624,864,129900,0
6,1080,2,484,1084,134000,0
5,789,1,200,768,96500,2
6,2119,2,583,689,158000,0
7,2344,3,889,1264,265000,1
6,1796,2,546,794,211000,0
7,2080,1,282,1276,234000,1
6,1244,1,336,1244,150000,2
6,1664,2,420,1004,159000,0
7,2398,3,834,1379,315750,1
7,1266,2,453,1257,176000,0
5,928,1,252,928,132000,2
4,605,0,0,528,86000,2
6,1509,2,600,1461,175000,0
6,1362,2,502,611,128000,0
8,1414,2,403,707,178000,0
5,1347,0,0,1117,107500,2
7,1724,2,527,880,188000,0
4,864,2,576,864,111250,0
5,1159,1,336,1051,158000,2
8,1601,2,670,1581,272000,1
9,1838,3,765,1838,315000,1
8,2285,3,648,969,248000,1
7,1680,2,583,1650,213250,1
7,767,1,367,723,133000,2
7,1496,2,426,654,179665,0
7,2183,3,786,1204,229000,1
6,1635,2,440,1065,210000,0
5,768,2,624,768,129500,0
5,825,2,720,825,125000,0
7,2094,2,615,912,263000,1
6,1069,2,440,1069,140000,0
5,928,1,288,928,112500,2
8,1717,3,908,1709,255500,1
7,2046,3,871,998,284000,1
5,1048,1,280,993,113000,2
5,1092,1,299,1092,141000,2
4,1336,1,570,637,108000,2
7,1446,2,406,729,175000,0
7,1557,2,420,1374,234000,1
5,1392,2,528,1392,121500,0
5,1389,2,418,1389,170000,0
5,996,0,0,996,108000,2
6,1674,2,396,1163,185000,0
7,2295,2,590,1095,268000,1
6,1647,1,216,806,128000,2
7,1535,2,532,1517,214000,1
8,2132,2,612,1496,316600,1
5,943,2,600,943,135960,0
5,1728,2,576,1728,142600,0
6,864,1,288,864,120000,2
7,1692,2,650,846,224500,1
7,1430,2,400,384,170000,0
5,1109,1,288,372,139000,2
5,1216,1,336,832,118500,2
7,1477,1,216,861,145000,2
5,1320,2,564,1164,164500,0
7,1392,2,540,689,146000,0
5,1795,1,352,1050,131500,2
6,1429,2,572,1144,181900,0
6,816,0,0,816,118500,2
4,1573,1,240,884,133000,2
6,838,1,275,816,130000,2
5,860,2,528,840,137000,0
5,1473,1,452,1437,143000,0
5,935,1,308,742,79500,2
7,1582,2,520,770,185900,0
5,816,2,816,816,138000,0
6,848,2,420,848,140000,0
5,924,1,280,924,110000,2
8,1826,3,758,1814,319000,1
6,1368,1,216,684,114504,2
7,1402,3,648,1258,194201,1
5,1647,2,621,1430,217500,1
6,1556,2,452,716,151000,0
8,1904,2,736,1058,275000,1
6,1375,1,544,780,141000,0
8,1915,2,506,908,220000,1
7,1200,2,480,600,151000,0
7,1494,2,530,1494,221000,1
7,1986,2,486,768,205000,0
5,1040,2,576,1040,152000,0
5,2008,1,230,896,225000,2
4,1029,1,261,1029,118500,2
9,2153,3,736,1440,313000,1
6,1032,2,564,1032,148000,0
8,1872,2,531,1299,261500,1
5,1120,0,0,1120,147000,2
4,630,0,0,630,75500,2
6,1054,2,480,936,137500,0
6,1509,2,393,783,183200,0
6,832,2,528,832,105500,0
9,1828,3,774,1822,314813,1
8,2262,3,749,1482,305000,1
3,864,0,0,864,67000,2
6,2614,2,624,1522,240000,1
5,980,2,484,980,135000,0
6,1512,2,440,756,168500,0
6,1790,2,484,732,165150,0
6,1116,2,440,1116,160000,0
5,1422,1,286,978,139900,2
6,1520,1,364,1156,153000,2
5,2080,2,504,1040,135000,0
6,1350,2,520,1248,168500,0
5,1750,1,240,636,124000,2
8,1554,2,627,1554,209500,1
7,1411,2,544,1386,82500,0
5,1056,1,260,1056,139400,2
6,1056,2,576,1056,144000,0
2,800,0,0,264,60000,2
5,1387,1,256,811,93000,2
5,796,0,0,796,85000,2
8,1567,3,648,1520,264561,1
8,1518,2,588,1518,274000,1
7,1929,2,650,1057,226000,1
5,1620,2,462,780,152000,0
6,981,2,576,981,143250,0
6,1094,2,495,1094,155000,0
6,1839,2,442,756,155000,0
4,630,0,0,630,84500,2
7,1665,2,562,813,205950,0
4,1510,1,296,755,108000,2
7,1716,2,512,880,191000,0
6,1469,1,216,756,135000,2
6,1092,1,264,525,88000,2
5,1053,1,312,1053,145500,2
7,1502,1,270,776,149000,2
6,1458,1,330,912,97500,2
5,1486,2,480,1486,167000,0
7,1935,2,550,793,197900,0
6,1392,2,576,1392,110000,0
4,1181,2,588,1138,137500,0
8,1936,2,504,1406,230500,1
6,2380,2,596,1021,129000,0
6,1679,2,575,1408,193500,1
5,1437,2,576,1188,168000,0
4,1180,1,252,700,137500,2
6,1476,2,540,738,173500,0
6,1369,1,300,672,103600,2
6,1208,2,546,1208,165000,0
6,1839,2,416,1477,257500,1
6,1136,1,384,1136,140000,2
6,1441,2,440,855,148500,0
4,1774,3,779,1095,87000,0
5,792,1,240,768,109500,2
5,988,2,572,988,128500,0
6,923,1,264,923,143000,2
5,1520,1,281,793,159434,2
6,1291,2,431,1291,173000,0
9,1668,3,702,1626,285000,1
7,1839,2,486,1195,221000,1
7,2090,2,577,1190,207500,1
7,1761,2,578,874,227875,1
7,1102,2,480,551,148800,0
6,1362,2,460,1362,194700,0
6,848,2,420,848,141000,0
5,1073,1,326,1073,108480,2
5,1539,2,576,927,141500,0
6,1137,2,551,1112,176000,0
5,616,1,205,616,89000,2
5,1148,1,308,980,123500,2
5,894,1,336,894,138500,2
7,1391,2,530,1391,196000,1
8,1800,3,765,1800,312500,1
7,1164,2,528,1164,140000,0
5,1812,2,672,360,140000,0
7,1484,2,606,1473,213000,1
7,1824,2,739,1643,302000,1
8,1324,2,550,1324,254000,1
7,1456,2,400,728,179540,0
5,904,1,408,876,109900,2
3,729,0,0,270,52000,2
4,1178,1,384,859,102776,2
8,1228,2,472,1228,189000,1
4,960,2,576,960,129000,0
6,1479,2,475,725,130500,0
6,1350,2,478,1064,165000,0
7,2554,2,704,718,159500,1
5,1178,2,439,1176,157000,0
5,971,1,300,971,128500,2
8,1742,2,564,1742,275000,1
6,848,2,420,848,143000,0
4,864,2,463,864,124500,0
4,1470,1,548,941,135000,2
9,1698,3,768,1698,320000,1
4,864,2,660,864,120500,0
6,1680,2,540,880,222000,0
7,1232,2,632,1232,194500,1
5,1776,3,888,1584,110000,0
4,1208,2,539,780,103000,0
8,1616,2,608,1595,236500,1
7,1146,2,438,868,187500,0
7,2031,2,541,1153,222500,1
5,1144,1,264,864,131400,2
5,948,1,300,948,108000,2
7,1768,2,320,880,163000,0
8,1801,3,800,893,239900,1
5,1200,0,0,1200,179000,2
7,1728,2,572,864,190000,0
5,1432,2,360,264,132000,0
6,912,1,288,912,142000,2
7,1349,2,539,1349,179000,1
5,1464,2,480,520,175000,0
8,1337,2,462,1337,180000,1
8,2715,2,831,1142,299800,1
7,2256,2,554,952,236000,1
7,1720,2,527,1720,260400,1
4,1140,0,0,576,96500,2
7,1320,2,400,660,162000,0
6,1494,2,576,1479,217000,1
8,2098,3,878,1030,275500,1
6,1026,2,440,1026,156000,0
6,1471,2,440,729,172500,0
8,1768,2,578,866,212000,1
6,1386,2,440,672,158900,0
7,1501,2,440,744,179400,0
8,2531,3,752,1318,290000,1
6,864,1,300,864,127500,2
5,1301,2,440,1145,100000,0
7,1547,2,614,756,215200,0
8,1494,2,481,1494,270000,1
9,1506,2,592,1498,264132,1
7,1714,2,496,980,196500,0
6,1750,1,423,983,160000,0
7,1836,2,484,1860,216837,1
5,858,2,576,858,134900,0
4,1220,2,396,836,102000,0
6,1117,2,672,1029,107000,0
5,912,1,275,912,114500,2
6,1204,2,412,1204,162000,0
7,1614,3,865,1614,221500,1
5,894,2,440,864,142500,0
6,1004,2,504,975,135000,0
7,1253,2,402,1237,176000,0
6,1603,2,484,761,175900,0
7,1430,2,605,1413,187100,1
5,1110,2,602,1097,165500,0
6,1484,0,0,742,128000,2
6,1342,2,457,1372,161500,0
5,1652,1,416,686,139000,2
7,2084,2,618,956,233000,1
4,901,1,281,901,107900,2
6,2087,2,444,832,187500,0
7,1145,2,397,1145,160200,0
6,1062,2,539,1029,146800,0
7,2013,2,455,1117,269790,1
8,1496,2,474,1496,225000,1
7,1895,2,409,712,194500,0
6,1564,2,476,650,171000,0
6,1285,2,528,660,143500,0
5,773,1,240,773,110000,2
5,1768,1,240,731,175000,2
6,1688,2,603,616,200000,0
4,1196,2,440,1196,109900,0
7,1456,2,410,728,189000,0
5,1128,1,286,936,118000,2
7,1428,2,554,1417,227680,1
5,980,1,384,980,135500,2
5,1576,2,528,1324,223500,0
5,1086,2,484,1024,159950,0
5,2138,2,360,849,106000,0
6,1309,2,484,1040,181000,0
6,848,2,420,848,144500,0
5,1044,2,504,540,55993,0
6,1442,1,301,1442,157900,2
5,1250,1,280,686,116000,2
7,1661,2,598,1649,224900,1
5,1008,1,275,1008,137000,2
8,1689,3,857,1568,271000,1
6,1052,2,440,1010,155000,0
7,1358,2,484,1358,224000,1
7,1640,2,595,798,183000,0
4,936,2,576,936,93000,0
7,1733,2,433,847,225000,1
6,1489,1,240,778,139500,2
8,1489,2,776,1489,232600,1
5,784,0,0,784,109500,2
7,1434,2,527,1454,189000,1
5,2126,2,538,1013,185000,0
7,1223,2,480,600,147400,0
6,1392,2,458,1392,166000,0
7,1200,2,480,600,151000,0
7,1829,2,613,941,237000,1
6,1516,2,472,1516,167000,0
5,1144,2,456,1144,139950,0
4,1067,2,436,1067,128000,0
5,1559,2,812,1559,153500,0
6,987,1,264,483,100000,2
5,1099,1,352,1099,144000,2
5,1200,1,240,768,130500,2
6,1482,1,400,672,140000,2
5,1539,2,686,650,157500,0
6,1165,2,490,1127,174900,0
5,1800,0,0,1800,141000,2
5,1416,3,720,876,153900,0
5,1701,2,611,1390,171000,0
7,1775,2,425,740,213000,0
5,864,1,338,864,133500,2
6,2358,2,360,907,240000,1
6,1855,2,512,528,187000,0
6,848,2,420,848,131500,0
8,1456,2,400,1273,215000,1
7,1646,1,240,918,164000,2
6,1445,2,645,1127,158000,0
5,1779,2,454,1763,170000,1
5,1040,1,260,1040,127000,2
6,1026,2,576,940,147000,0
6,1481,2,343,702,174000,0
7,1370,2,479,1090,152000,0
6,2654,2,619,1054,250000,1
7,1426,1,216,912,189950,2
5,1039,2,504,1039,131500,0
6,1097,2,480,1040,152000,0
5,1148,1,672,1148,132500,0
7,1372,2,529,1372,250580,1
5,1002,2,902,1002,148500,0
8,1646,3,870,1638,248900,1
4,1120,2,544,1040,129000,0
7,1949,2,574,1050,236000,1
5,894,1,308,894,109500,2
6,1682,2,523,804,200500,0
5,910,2,414,105,116000,0
5,1268,1,288,832,133000,2
5,1131,1,200,676,66500,2
8,2610,2,550,1184,303477,1
4,1040,2,648,1064,132250,0
5,1155,2,576,1109,148000,0
5,864,1,336,864,136500,2
5,1090,2,450,1090,157000,0
7,1717,2,400,1156,187500,1
6,1593,2,389,808,178000,0
4,2230,1,440,795,118500,2
5,892,1,288,892,100000,2
5,1712,2,588,1626,145000,0
5,1393,1,300,816,135500,2
6,1505,2,505,1505,149500,0
5,924,2,576,672,122900,0
6,1683,2,440,918,172500,0
6,1068,1,264,1059,154500,2
5,1383,1,354,1383,165000,2
6,1796,2,483,780,140000,0
4,951,1,327,951,106500,2
5,1236,1,288,912,135000,2
4,858,1,684,858,110000,2
5,1306,1,756,992,153000,0
7,1509,2,393,783,180000,0
7,1670,3,690,1670,240000,1
5,902,1,288,876,125500,2
5,1063,1,280,1056,128000,2
8,1636,3,865,1623,255000,1
7,2057,1,180,1017,250000,1
5,902,2,484,864,131000,0
6,1484,2,390,742,174000,0
5,2274,2,480,1105,154300,0
5,1268,1,252,1268,143500,2
5,1015,1,450,768,88000,2
5,2002,3,871,1001,145000,0
6,1224,2,528,612,173733,0
4,1092,1,286,546,75000,2
2,480,1,308,480,35311,2
4,1229,1,284,1134,135000,2
7,2127,3,833,1104,238000,1
6,1414,2,601,1184,176500,0
6,1721,2,471,928,201000,0
5,2200,0,0,1272,145900,2
6,1316,2,397,1316,169990,0
6,1617,2,533,1604,193000,1
6,1686,2,612,1686,207500,1
5,1126,2,540,1126,175000,0
8,2374,3,656,1181,285000,1
7,1978,2,486,832,176000,0
8,1788,2,522,1753,236500,1
7,2236,2,642,964,222000,1
8,1466,3,610,1466,201000,1
5,925,1,429,925,117500,2
9,1905,3,788,1905,320000,1
7,1500,2,570,1500,190000,1
7,2069,2,505,585,242000,1
4,747,2,528,600,79900,0
7,1200,2,555,1176,184900,0
7,1971,2,689,1113,253000,1
7,1962,3,868,1391,239799,1
7,2403,1,349,1032,244400,1
6,1728,2,574,1728,150900,1
7,2060,2,390,992,214000,1
4,1440,0,0,1440,150000,2
5,1632,2,576,1632,143000,0
6,1344,2,525,819,137500,0
5,1869,2,456,1088,124900,0
5,1144,1,796,1144,143000,0
8,1629,3,808,1616,270000,1
7,1776,2,474,936,192500,0
6,1381,2,676,1161,197500,0
5,864,2,720,864,129000,0
5,965,1,300,828,119900,2
5,768,1,396,768,133900,2
5,1968,2,530,784,172000,0
6,980,0,0,945,127500,2
6,1958,2,492,979,145000,0
6,1229,2,462,561,124000,0
5,1057,2,576,1057,132000,0
7,1337,2,531,1337,185000,1
7,1416,2,484,696,155000,0
5,858,0,0,858,116500,2
6,1548,2,440,804,155000,0
9,1800,2,702,1800,239000,1
7,1894,2,510,817,214900,1
6,1484,2,393,783,178900,0
5,1308,1,256,728,160000,2
5,1098,1,260,1098,135000,2
3,968,0,0,600,37900,2
6,1095,1,264,588,140000,2
4,1192,0,0,720,135000,2
7,1626,2,474,764,173000,0
6,918,1,264,918,99500,2
7,1428,2,480,1428,182000,1
7,2019,2,532,728,167500,0
7,1382,2,490,673,165000,0
4,869,0,0,440,85500,2
7,1241,2,569,1241,199900,1
4,894,2,400,894,110000,0
5,1121,2,480,1121,139000,0
7,999,2,588,944,178400,0
7,1266,2,388,1266,159895,0
8,2290,2,779,1128,255900,1
5,1164,1,240,1164,125000,2
6,1635,1,255,485,117000,2
6,2030,2,551,848,195000,0
7,1576,2,614,770,197000,0
8,1742,2,424,916,168000,0
6,1851,2,440,822,187000,0
6,1500,2,564,750,173900,0
4,1230,1,305,747,121600,2
5,1050,1,368,1050,136500,2
6,1442,2,615,1442,185000,0
3,1077,1,210,1007,91000,2
7,1208,2,632,1187,206000,1
5,691,1,216,691,86000,2
8,1574,3,824,1574,232000,1
5,1680,2,528,1680,136905,0
7,1504,2,457,1346,181000,1
5,985,1,328,985,149900,2
6,1657,2,484,1657,163500,1
4,1092,1,286,546,88000,2
7,1710,2,550,1710,240000,1
5,1522,0,0,1008,102000,2
5,1271,1,312,720,135000,2
6,1502,1,180,602,165000,2
5,1022,1,280,1022,85000,2
6,1082,1,240,1082,119200,2
8,1665,2,528,810,227000,1
7,1504,2,478,1504,203000,1
8,1360,2,565,1220,187500,1
7,1472,2,402,384,160000,0
7,1506,2,440,1362,213490,1
4,1132,2,451,1132,176000,0
7,1220,2,632,1199,194000,0
5,1248,1,160,912,87000,2
7,1504,2,437,1346,191000,1
5,882,2,461,882,112500,0
5,1264,2,461,1268,167500,0
8,1646,3,800,1638,293077,1
5,1376,1,240,768,105000,2
6,1218,1,264,672,118000,2
5,1928,0,0,686,160000,2
8,2520,3,796,1338,310000,1
7,1654,3,900,1654,230000,1
5,954,1,240,920,119750,2
9,1620,3,912,1620,315500,1
8,2263,2,905,1055,287000,1
4,1344,0,0,546,97000,2
4,630,1,286,630,80000,2
5,1803,2,484,1134,155000,0
6,1632,2,484,800,173000,0
6,1306,2,624,1306,196000,0
7,2329,2,514,1475,262280,1
5,990,2,672,990,145000,0
7,1302,2,436,1302,176485,0
7,1316,2,440,1316,200141,1
6,1977,2,540,816,165000,0
5,1526,1,364,1216,144500,2
8,1989,2,586,1065,255000,1
6,1523,2,478,1193,180000,0
7,1364,2,484,1364,185850,1
7,1850,2,467,973,248000,1
6,1991,2,432,854,220000,0
8,1338,2,582,1338,213500,1
5,2337,2,560,662,90000,0
6,1103,2,440,1103,110500,0
5,1154,2,480,1154,154000,0
6,1571,2,380,799,178000,0
6,1611,2,442,780,167900,0
6,2521,2,576,942,151400,0
5,893,2,576,845,135000,0
5,1048,1,286,1048,135000,2
6,1556,2,441,727,154000,0
5,1456,1,280,810,91500,2
6,1426,2,440,690,159500,0
7,1240,3,826,1240,194000,1
7,1740,1,240,800,219500,0
5,1466,2,566,796,170000,0
5,1096,1,299,1096,138800,2
6,848,2,420,848,155900,0
5,990,1,299,990,126000,2
6,1258,2,528,1258,145000,0
5,1040,1,308,1040,133000,2
7,1459,2,527,1459,192000,1
6,1251,1,461,1251,160000,0
6,1498,2,409,691,187500,0
6,996,2,564,936,147000,0
4,1092,1,286,546,83500,2
7,1709,2,380,970,137500,0
8,1247,2,550,1247,197000,1
7,1252,2,462,600,160000,0
6,1694,2,576,1181,136500,0
5,1200,2,884,864,146000,0
5,936,1,308,936,129000,2
6,1314,2,440,1314,176432,0
6,1355,0,0,684,127000,2
8,1088,2,461,1074,170000,0
4,1324,1,240,672,128000,2
7,1601,2,478,1271,157000,0
2,438,1,246,290,60000,2
5,950,1,280,950,119500,2
5,1134,1,254,1010,135000,2
6,1194,2,539,655,159500,0
5,1302,2,440,630,106000,0
7,1442,2,719,910,179900,0
7,2021,2,422,868,274725,1
6,1690,2,463,924,181000,0
8,1836,3,862,1836,280000,1
6,1658,2,431,773,188000,0
7,1964,2,483,803,205000,1
5,816,1,308,816,129900,2
5,1008,1,240,1008,134500,2
5,833,1,326,833,117000,2
8,1734,3,928,1734,318000,1
8,1419,2,527,408,184100,0
5,894,2,450,894,130000,0
5,1601,1,300,533,140000,2
5,1040,1,286,1040,133700,2
6,1012,1,308,1012,118400,2
7,1552,3,782,1552,212900,1
4,960,1,288,672,112000,2
5,698,0,0,698,118000,2
7,1482,2,392,384,163900,0
4,1005,2,672,1005,115000,0
7,1555,3,660,1373,174000,1
7,1530,3,630,1530,259000,1
7,1959,2,434,847,215000,1
5,936,2,672,936,140000,0
4,1981,2,576,1122,135000,0
5,974,0,0,974,93500,2
6,2210,1,205,1008,117500,2
8,2020,2,466,1128,239500,1
6,1600,2,460,916,169000,0
6,986,1,180,960,102000,2
6,1252,1,288,1032,119000,2
5,1020,0,0,780,94000,2
6,1567,2,714,1567,196000,1
5,1167,2,495,915,144000,0
5,952,2,840,952,139000,0
5,1868,2,484,780,197500,0
5,1006,0,0,1006,80000,2
4,924,1,280,672,80000,2
5,1576,1,225,1042,149000,2
6,1298,2,403,1298,180000,0
7,1564,1,234,704,174500,2
7,1111,1,288,572,116900,2
7,1482,2,324,650,143000,0
6,932,1,306,932,124000,2
5,1466,2,528,1466,149900,0
6,1811,2,470,1073,230000,1
6,816,1,432,816,120500,2
7,1820,2,492,864,201800,0
5,1437,2,528,1437,218000,0
5,1265,2,502,1219,179900,0
7,1314,2,626,1314,230000,1
8,1580,3,830,1580,235128,1
6,1876,2,540,901,185000,0
6,1456,2,440,855,146000,0
6,1640,2,924,1296,224000,1
5,894,2,450,894,129000,0
4,1258,2,400,1198,108959,0
5,1432,2,588,1360,194000,0
7,1502,2,644,1502,233170,1
8,1694,3,776,1694,245350,1
6,1671,2,472,959,173000,0
6,2108,2,540,1127,235000,1
6,1118,1,358,1096,171000,2
6,1261,2,433,1261,163000,0
7,1250,2,625,625,171900,0
6,2345,2,360,952,239000,1
5,923,1,264,876,119500,2
6,1224,1,210,818,115000,2
5,1343,1,186,731,154900,2
7,2514,2,693,1216,250000,1
5,1130,2,720,1120,120000,0
5,1221,1,392,784,104900,2
3,1699,2,420,978,95000,0
8,1624,3,757,1624,262000,1
7,1660,2,493,831,195000,0
7,1804,2,442,994,189000,0
8,1441,2,492,776,174000,0
5,1472,1,250,702,125000,2
6,1224,2,402,1224,165000,0
6,1352,1,299,663,158000,2
6,1456,2,400,728,176000,0
7,1863,3,660,879,219210,1
7,1690,1,225,815,144000,2
7,1212,2,573,1212,178000,0
4,1382,2,459,1051,148000,0
4,864,1,280,864,116050,2
7,1779,2,546,866,197900,0
5,1348,1,216,884,117000,2
7,1630,2,451,1630,213000,1
5,1074,2,495,1056,153500,0
4,1056,1,384,1056,107000,2
6,1700,2,544,1682,200000,1
5,1283,2,506,931,140000,0
8,1660,2,500,1660,290000,1
6,1845,2,462,1055,189000,0
8,1752,2,492,559,164000,0
4,672,1,234,672,113000,2
4,960,1,364,648,145000,2
5,999,1,300,925,134500,2
5,894,1,384,894,125000,2
8,1314,2,552,1300,229456,1
6,1218,0,0,672,91500,2
5,912,1,288,912,115000,2
5,1211,1,322,952,134000,2
6,1846,1,315,1040,143000,2
7,1490,2,388,788,184000,0
6,1138,1,264,588,145000,2
6,1933,3,668,894,214000,1
5,912,2,576,912,147000,0
5,1507,1,404,1075,127000,2
5,2620,2,600,1361,190000,1
5,1190,2,540,1106,132500,0
5,1188,2,531,1188,142000,0
5,1964,0,0,940,130000,2
5,1784,1,180,747,138887,2
7,1626,2,474,764,175500,0
7,1948,2,434,847,195000,0
6,1141,2,484,1141,142500,0
8,1484,2,472,1476,265900,1
7,1768,2,543,884,224900,1
7,1173,2,528,1053,170000,0
8,1517,2,400,792,230000,1
6,1868,2,477,585,178000,0
7,1553,2,615,756,186500,0
6,1034,3,888,1012,169900,0
6,2058,2,396,735,129500,0
5,988,1,276,876,119000,2
7,1405,2,478,1405,171750,1
5,874,1,288,864,130000,2
7,2167,2,518,1192,294000,1
7,1656,2,397,746,165400,0
6,1367,1,560,884,127500,0
5,864,0,0,864,99900,2
7,1166,2,400,856,190000,0
6,1054,2,460,1054,151000,0
6,1675,2,502,841,181000,0
5,1050,1,338,1050,128900,2
4,1788,1,304,1104,161500,2
6,1824,2,520,764,180500,0
6,1337,2,511,1405,181000,0
7,1452,2,506,691,183900,0
7,1889,1,308,925,122000,2
5,1524,1,315,874,144000,2
7,1524,2,586,1332,260000,1
6,1489,2,462,1489,185750,0
5,935,1,288,935,137000,2
6,1357,1,312,1019,177000,2
5,1250,2,552,661,139000,0
5,1920,2,400,928,137000,0
6,1395,2,497,723,162000,0
6,1724,2,480,1680,197900,1
8,2031,2,577,1128,237000,1
4,1128,2,528,698,68400,0
7,1573,2,544,1573,227000,1
7,1339,2,484,1309,180000,0
5,1040,2,484,1040,150500,0
6,1824,0,0,912,139000,2
6,2447,1,336,804,169000,0
6,1412,1,280,780,132500,2
6,1328,2,528,1328,143000,0
5,1582,2,390,1624,190000,0
8,1659,2,499,1501,278000,1
8,1970,3,753,1085,281000,1
5,1152,2,484,1152,180500,0
5,1302,1,264,630,119500,2
5,2372,1,432,994,107500,0
7,1664,2,528,832,162900,0
5,864,2,572,864,115000,0
5,1052,1,288,1052,138500,2
5,1128,2,525,1120,155000,0
6,1072,2,525,547,140000,0
5,1246,1,305,1246,154000,2
7,1983,2,490,978,225000,1
6,1494,1,213,771,177500,2
8,2526,3,844,1165,290000,1
7,1616,3,834,1616,232000,1
7,1708,2,380,976,130000,0
7,1368,2,474,1368,202500,1
5,990,2,480,990,138000,0
5,1122,2,528,924,147000,0
6,1294,2,496,1278,179200,0
7,1274,2,508,1274,203000,1
4,948,1,280,948,119000,2
6,2112,2,576,952,206900,1
8,1630,3,860,1622,295493,1
7,1352,2,466,1352,208900,1
8,1787,3,748,1753,275000,1
4,948,1,248,864,111000,2
6,1478,2,442,1478,156500,0
7,1923,2,564,750,190000,0
4,708,0,0,420,82500,2
8,1795,3,895,1795,147000,1
4,796,0,0,796,55000,2
3,774,0,0,544,79000,2
5,816,1,264,816,130500,2
7,1632,2,462,935,176500,0
8,1588,3,825,1588,227000,1
5,954,2,576,911,132500,0
4,816,1,288,816,100000,2
5,1360,1,297,803,125500,2
5,1365,2,440,765,125000,0
6,1334,2,630,1350,167900,0
5,1656,2,506,1656,135000,0
4,693,0,0,693,52500,2
7,1861,2,492,916,200000,1
5,864,1,288,864,128500,2
6,1114,2,576,1114,155000,0
8,2169,2,647,1284,228500,1
6,1913,2,342,896,177000,0
7,1456,2,440,728,155835,0
4,960,1,308,960,108500,2
7,2156,2,508,1568,262500,1
8,1776,3,712,1732,283463,1
7,1494,2,514,1482,215000,1
8,2358,0,0,684,122000,2
6,1716,2,490,858,171000,0
6,1176,2,624,698,134900,0
7,1865,3,839,992,235000,1
7,1920,2,487,570,170000,0
5,892,1,264,864,110000,2
5,1078,2,500,1078,149900,0
6,1573,2,440,756,177500,0
5,2601,2,621,612,189000,0
7,1530,2,430,1530,260000,1
4,1738,1,368,715,104900,2
6,1412,2,432,616,156932,0
7,1200,2,480,600,144152,0
7,1674,2,663,814,216000,1
7,1790,2,588,873,193000,0
5,1475,1,336,757,127000,2
6,848,2,420,848,144000,0
8,1668,2,502,1657,232000,1
4,1374,1,338,840,105000,2
6,1661,1,377,992,165500,0
7,2097,2,583,1108,274300,1
7,1958,3,936,1026,250000,1
8,1571,3,722,1571,239000,1
6,790,1,160,768,91000,2
5,1604,2,660,984,117000,0
6,987,1,264,483,83000,2
5,1394,2,400,384,167500,0
3,864,1,200,864,58500,2
6,2117,2,550,1205,237500,1
7,1762,2,576,596,157000,0
5,1416,2,576,816,112000,0
6,1258,1,280,560,105000,2
4,1154,1,240,796,125500,2
6,2526,1,216,714,136000,2
6,1218,2,440,735,131000,0
7,1525,2,541,1525,235000,1
5,1584,3,792,1584,124000,0
5,900,1,288,864,123000,2
6,1912,2,672,482,163000,0
7,1500,3,648,1356,246578,1
8,2482,3,642,1094,281213,1
5,1687,2,572,747,160000,0
5,1513,1,180,939,137500,2
5,1904,1,240,1208,138000,2
6,1608,1,216,976,137450,2
6,1158,1,208,862,120000,2
6,1593,2,398,839,193000,0
7,1294,2,662,1286,193879,1
8,1464,3,754,1485,282922,1
3,1214,3,936,672,105000,0
8,1646,2,482,1594,275000,1
5,768,2,396,768,133000,0
5,833,0,0,833,112000,2
4,1363,2,528,622,125500,0
7,2093,2,542,791,215000,1
7,1840,2,622,944,230000,1
6,1668,1,271,856,140000,2
8,1844,2,620,1844,257000,1
6,1848,2,370,833,207000,0
7,1569,3,660,1386,175900,1
4,2290,2,560,777,122500,0
5,1144,1,336,1144,124000,2
6,1844,2,540,1844,223000,1
6,1416,2,776,708,179900,0
6,1069,2,440,1069,127500,0
6,848,2,420,848,136500,0
6,2201,2,432,697,274970,1
5,1344,1,484,1024,144000,2
6,1252,2,528,1252,142000,0
7,2127,2,525,1223,271000,1
5,1558,1,288,913,140000,2
5,804,1,240,788,119000,2
6,1440,2,467,1440,182900,0
5,1838,2,372,732,192140,0
6,958,2,440,958,143750,0
4,968,1,216,656,64500,2
6,1792,2,451,936,186500,0
5,1126,2,484,1126,160000,0
6,1537,2,462,1319,174000,0
4,864,2,528,864,120500,0
6,1236,2,923,912,149700,0
7,1725,2,550,539,197000,0
6,2555,2,672,588,191000,0
6,848,2,420,848,149300,0
10,2007,3,812,1017,310000,1
6,952,1,192,952,121000,2
7,1422,2,626,1422,179600,1
6,913,1,240,814,129000,2
5,1188,1,312,1188,157900,2
8,2090,2,556,1220,240000,1
4,1346,1,384,560,112000,2
5,630,0,0,630,92000,2
5,1792,0,0,896,136000,2
8,1578,3,840,1573,287090,1
5,1072,2,525,547,145000,0
5,1140,0,0,1140,84500,2
7,1221,2,400,1221,185000,0
6,1647,2,460,953,175000,0
6,2073,2,500,1542,210000,1
7,2340,1,252,1152,266500,1
5,1078,1,240,1078,142125,2
5,1256,1,276,1256,147500,2
