OverallQual,GrLivArea,GarageCars,TotalBsmtSF,FullBath,TotRmsAbvGrd,YearBuilt,YearRemodAdd,SalePrice
7,1682,2,1304,2,7,1970,1970,174000
5,1072,2,547,1,5,2005,2005,145000
7,1547,2,756,2,7,2009,2009,215200
9,1905,3,1905,2,8,2006,2006,320000
7,1661,2,799,2,6,1996,1996,212000
6,1350,2,1248,1,6,1964,1964,168500
6,1845,2,1055,2,8,1992,1992,189000
5,1601,1,533,1,6,1958,1987,140000
6,1498,2,691,2,6,1995,1996,187500
7,1947,2,991,2,8,2004,2005,254900
5,1098,1,1098,1,6,1955,1955,135000
6,1054,2,1054,1,6,1969,1969,151000
5,928,1,928,1,5,1957,1957,112500
7,1820,1,1026,2,8,1925,1950,184000
7,3082,2,824,2,12,1920,1970,197000
4,1788,1,1104,1,8,1957,1989,161500
5,1022,1,1022,1,4,1910,2006,85000
7,1274,2,1274,2,6,2005,2007,203000
9,2504,3,1122,2,11,2005,2007,325000
9,2153,3,1440,2,8,2000,2000,313000
8,2031,2,1128,2,7,2002,2002,237000
6,1824,2,764,1,8,1919,1950,180500
5,1008,1,1008,1,4,1954,1954,137000
5,694,1,440,1,4,1913,2002,90350
6,1728,2,1728,2,8,1976,1976,150900
7,1588,2,1588,2,6,1999,1999,214000
5,1392,2,1392,1,5,1957,1996,121500
10,4476,3,2396,3,10,1996,1996,745000
7,1969,2,808,2,8,1977,1977,190000
7,1504,2,1346,2,7,2005,2006,181000
5,1276,1,1276,1,5,1958,1958,60000
9,1800,2,1800,2,7,2007,2007,239000
6,816,0,816,1,5,1990,1990,118500
5,1040,2,0,1,5,1950,1950,109500
5,924,1,924,1,5,1975,1975,110000
6,832,2,832,1,4,1954,1954,105500
7,1886,2,930,2,10,1998,1999,199900
7,2196,3,2158,2,7,1990,1991,271900
5,1039,2,1039,1,6,1965,1965,131500
5,1271,1,720,2,7,1948,1950,135000
5,1367,1,861,1,7,1900,1950,119000
7,2093,2,791,2,7,1986,1991,215000
5,864,1,864,1,5,1972,1972,133500
6,2447,1,804,2,10,1919,1990,169000
6,1054,2,936,1,6,1963,1963,137500
5,1120,0,1120,1,6,2007,2007,147000
7,1616,3,1616,2,7,2005,2005,232000
5,1073,2,1073,1,6,1965,1965,156000
5,1389,2,1389,1,6,1974,1975,170000
4,861,2,861,1,4,1940,1950,82500
7,1135,2,560,1,6,1936,2007,155000
8,2828,3,1466,3,11,2006,2007,424870
8,1616,2,1595,2,5,1995,1996,236500
5,1437,2,1437,2,6,1976,2004,218000
7,1630,2,1630,2,6,2000,2001,213000
8,1800,3,1800,2,7,2002,2002,312500
6,1855,2,528,2,7,1976,1994,187000
6,1675,2,841,2,7,1999,1999,181000
7,2084,2,956,2,8,2004,2004,233000
5,1111,1,616,1,5,1941,1950,95000
3,729,0,270,1,5,1935,2003,52000
6,1586,2,1362,2,7,1979,1998,181000
9,2234,3,2216,2,9,2008,2009,501837
4,858,0,858,1,5,1971,1971,88000
5,833,0,833,1,5,1985,1985,112000
5,1283,2,931,1,6,1962,1980,140000
6,1644,2,1416,1,7,1953,1953,167000
6,1383,1,1383,1,7,1960,1960,145250
6,2073,2,1542,2,7,1978,1988,210000
5,1539,2,650,2,8,1904,2002,157500
7,1552,3,1552,2,7,2005,2006,212900
5,925,1,925,1,5,1965,1965,117500
7,1414,2,1414,2,6,2004,2004,185500
3,1526,0,1013,1,6,1915,1982,85000
5,1712,2,1626,2,8,1959,2005,145000
8,1717,3,1709,2,7,2006,2006,255500
5,1750,1,636,1,8,1880,1991,124000
6,1176,2,698,1,4,1937,2000,134900
8,1936,2,1406,2,7,2000,2000,230500
4,858,1,858,1,4,1971,1971,110000
8,1919,2,1079,2,8,2006,2006,233230
7,1762,2,596,1,8,1920,1950,157000
5,1728,2,1728,2,10,1965,1965,142600
7,1626,2,764,2,6,2003,2004,154000
7,1496,2,654,2,7,2006,2006,179665
6,790,1,768,1,4,1930,1950,91000
7,1935,2,793,2,7,1976,1976,197900
7,1964,2,803,2,8,1976,1976,205000
8,1666,1,588,1,7,1925,1996,161000
5,985,1,985,2,6,1977,1977,149900
7,1358,2,1358,2,6,2004,2004,207000
6,848,2,848,1,3,2004,2004,143000
8,1970,3,1085,2,8,2006,2006,281000
8,2046,3,2046,2,7,2008,2008,372500
7,1865,3,992,2,7,2000,2000,235000
6,2134,2,844,2,10,1916,1994,214500
7,2646,3,1347,2,9,1993,1993,260000
6,1236,2,912,1,6,1957,1996,149700
5,902,2,864,1,5,1983,1983,131000
5,912,1,912,1,4,1962,1962,144000
6,1656,2,1080,1,7,1960,1960,215000
6,1382,2,1362,1,6,1962,1962,176000
5,2020,2,0,2,10,1977,1977,144000
6,1052,2,1010,1,6,1971,1971,155000
8,2531,3,1318,2,9,1995,1995,290000
8,1852,3,1004,2,7,1999,2000,230000
8,1660,2,1660,2,8,2006,2006,290000
9,1709,2,1698,2,5,1999,2000,328900
6,912,1,912,1,5,1961,1996,142000
6,1764,2,928,2,7,1997,1997,231500
6,1395,2,723,1,6,1972,1972,162000
5,1040,1,1040,1,5,1963,1963,133000
10,2392,3,2392,2,8,2003,2003,386250
6,1103,2,1103,1,5,1925,1980,110500
8,2078,3,1034,2,8,2007,2008,339750
5,803,2,720,1,5,1941,1950,87000
6,1152,1,1092,1,6,1950,2004,158500
7,1173,2,1053,2,6,1974,1974,170000
4,1092,0,0,2,7,1930,1950,55000
5,1784,1,747,1,9,1914,1950,138887
7,1920,2,570,3,8,1968,1992,170000
7,1670,3,1670,2,7,2006,2006,240000
7,1223,2,600,2,4,2005,2005,147400
7,1801,2,1501,2,6,1959,1997,289000
5,1656,2,1656,2,8,1973,1973,135000
7,1717,3,756,1,7,1915,1970,140000
9,2599,3,1393,2,10,1999,1999,333168
5,1644,1,728,1,7,1942,1995,146500
8,2468,3,1136,2,10,2004,2004,354000
5,1362,2,796,1,5,1993,1995,143000
8,1484,2,1476,2,6,2006,2006,265900
5,1200,2,864,1,6,1965,1998,146000
6,1350,2,1064,2,7,1974,1974,165000
4,1152,0,0,2,6,1955,1955,82000
7,1680,2,1650,2,7,1998,1999,213250
5,1440,1,540,1,6,1900,1950,79000
5,1214,1,1214,2,5,1967,1967,143000
6,1479,2,725,2,6,1976,2005,130500
8,1801,3,893,2,8,2005,2005,239900
6,1494,1,771,1,7,1942,1950,177500
7,2329,2,1475,2,10,1990,1990,262280
8,1588,3,1588,2,7,2006,2006,227000
6,1194,2,655,1,6,1959,1959,159500
6,1494,2,1479,2,6,1997,1997,217000
8,3238,3,2033,2,9,1995,1996,410000
5,914,2,870,1,5,1996,1996,148000
7,1641,2,728,1,6,1925,1990,178000
5,1573,2,1078,2,8,1930,1992,162900
7,1472,2,1372,2,6,1980,1980,187500
6,1750,1,983,2,7,1940,1985,160000
8,1768,2,866,2,7,2007,2007,212000
6,1196,1,1196,1,6,1956,1956,139000
4,1126,2,0,2,5,1949,2003,108000
4,845,1,0,1,5,1957,1957,84000
5,1968,2,784,2,7,1969,1969,172000
5,1221,1,784,1,7,1924,1950,104900
6,1368,1,684,1,7,1910,1993,114504
6,987,1,483,1,5,1970,1970,106000
7,1442,2,910,2,6,1990,1991,179900
4,1220,2,836,1,6,1951,1951,102000
7,1500,2,1500,2,6,2004,2004,190000
8,2450,3,1284,2,7,1998,1998,340000
7,2207,2,1947,2,7,1970,1989,180000
7,1208,2,1187,2,6,2006,2006,206000
5,1795,1,1050,2,7,1954,1954,131500
4,1440,0,1440,2,8,1977,1977,150000
6,1212,2,1212,2,6,2009,2009,186000
7,1111,1,572,1,5,1926,1950,116900
8,2715,2,1142,3,11,1976,1996,299800
7,1724,2,880,2,8,1998,1999,188000
6,1328,2,1328,1,6,1963,1963,143000
5,1052,1,1052,1,5,1968,1968,138500
8,2417,2,1288,2,9,1991,1992,260000
4,948,1,948,1,5,1954,1954,119000
7,2019,2,728,1,8,1910,1993,167500
4,869,0,440,1,4,1923,1958,85500
8,1554,2,1554,2,6,2006,2006,209500
6,2112,2,952,2,9,1969,1969,206900
5,1416,2,816,2,7,1918,2007,112000
6,1593,2,839,2,8,2004,2004,193000
6,1381,2,1161,1,5,1972,2006,197500
6,1632,1,1240,2,6,1958,1988,139000
5,954,1,920,1,5,1938,1950,119750
7,1922,2,0,3,7,2003,2003,198500
5,980,2,980,1,6,1977,1977,135000
7,1786,2,920,2,6,2001,2002,223500
8,1694,2,1686,2,7,2004,2005,307000
6,972,1,972,1,5,1948,2002,132000
5,1437,2,1188,1,6,1956,1987,168000
8,2263,2,1055,2,7,2001,2002,287000
7,1725,2,539,2,6,1979,1979,197000
5,1236,1,1070,1,6,1957,1996,134450
5,1040,1,1040,1,6,1959,1959,133700
8,1704,3,1704,2,7,2007,2008,306000
6,1523,2,1193,2,7,1976,1976,180000
8,1489,2,1489,2,7,2006,2006,232600
7,1569,3,1386,2,7,2007,2007,175900
7,1212,2,1212,2,6,2001,2001,178000
7,1573,2,1573,2,6,2002,2002,227000
6,1790,2,732,1,8,1972,1972,165150
5,1576,2,1324,1,6,1923,2004,223500
6,1728,2,864,2,7,2003,2003,207500
8,1600,3,1566,2,7,2007,2007,256300
9,1922,3,1922,2,8,2005,2006,377426
7,1692,2,846,2,6,2009,2009,224500
8,1656,3,1656,2,7,2006,2006,249700
4,1047,1,641,1,6,1885,1995,100000
9,2728,3,1848,2,10,2005,2006,437154
6,1425,2,1425,2,7,1964,1964,180500
6,952,1,952,1,4,1916,1950,121000
5,990,2,990,1,5,1995,1995,156000
6,988,2,938,1,4,1969,1969,180000
4,1056,1,1056,1,5,1966,1966,107000
9,1746,3,1746,2,7,2006,2007,377500
7,1718,2,832,2,7,1998,1998,185000
5,1464,2,520,2,6,1963,1999,175000
7,1660,2,831,2,7,2002,2002,195000
9,1752,2,1752,2,6,2005,2005,319900
5,2620,2,1361,2,12,1977,1977,190000
10,4676,3,3138,3,11,2007,2008,184750
5,784,0,784,1,5,1924,1950,109500
4,1120,2,1040,1,5,1961,1961,129000
4,1382,2,1051,1,6,1963,1979,148000
6,1386,2,672,2,6,1978,1978,158900
1,334,0,0,1,2,1946,1950,39300
7,1200,2,600,2,4,2004,2005,151000
7,1414,2,1375,2,6,2004,2004,178740
5,1584,3,1584,2,8,1967,1967,124000
8,1517,2,792,1,7,1929,1950,230000
6,1258,2,1258,2,5,1971,2004,145000
5,902,1,876,1,6,1967,1967,125500
6,1158,2,1158,1,5,2004,2004,158000
5,964,2,876,1,5,1921,2006,163500
6,2380,2,1021,2,7,1965,1979,129000
7,1232,2,1232,2,6,2007,2007,194500
5,864,1,864,1,5,1972,1972,127000
7,1982,2,807,2,7,1989,1989,228500
8,1924,2,1086,2,7,1998,1998,280000
7,2080,1,1276,1,9,1926,2004,234000
6,1647,2,953,2,7,1999,2000,175000
6,1617,2,1604,2,5,1993,1994,193000
5,1340,1,0,1,7,1957,2006,120000
9,1940,3,1930,2,8,2009,2010,395192
6,1855,1,994,2,7,1954,1972,136900
5,884,2,840,1,5,1983,1983,144000
7,1626,2,764,2,6,2003,2003,175500
5,1284,1,720,1,5,1947,1950,110000
8,2290,2,1128,2,9,2002,2002,255900
5,816,2,816,1,5,1963,1963,110000
7,2183,3,1204,2,9,1988,1988,229000
5,1869,2,1088,1,7,1890,1996,124900
7,1646,1,918,2,7,1941,1950,164000
8,1844,2,1844,2,7,2005,2006,257000
8,1571,3,1571,2,7,2007,2007,239000
7,2082,2,1362,2,6,2003,2003,200000
7,1959,3,1907,3,9,1988,1989,171000
8,2374,3,1181,2,10,2003,2004,285000
6,2142,1,896,2,8,1968,1968,193500
7,1200,2,600,2,4,2005,2005,144152
8,1992,2,1053,2,9,2003,2004,250000
8,2285,3,969,2,8,2000,2000,248000
7,1824,2,1643,2,5,1971,2002,302000
9,1850,3,1833,2,8,2004,2005,326000
5,1355,0,644,2,6,1940,1999,127500
7,1668,2,840,2,8,2003,2003,180000
6,1406,0,319,1,6,1920,1950,89500
6,1888,2,1517,2,6,1966,2002,190000
8,1228,2,1228,2,5,1988,1989,189000
6,1638,2,943,2,7,1998,1998,192000
4,960,1,960,1,6,1965,1965,94750
9,1698,3,1698,2,8,2007,2008,320000
5,1063,1,1056,1,6,1954,1954,128000
5,1236,1,912,1,6,1961,1994,135000
5,1535,2,0,2,8,1979,1979,118964
4,630,0,630,1,3,1972,1972,81000
4,1092,1,546,1,6,1970,1970,88000
9,1652,2,1652,2,6,2006,2007,325000
5,1144,2,1144,1,6,1961,1961,139950
8,1795,3,1795,2,7,2006,2007,147000
7,1541,3,1541,2,6,2001,2002,205000
5,1507,1,1075,2,7,1960,1960,127000
8,1441,2,776,2,5,1999,2000,174000
7,1479,2,1468,2,6,1999,2000,191000
6,987,1,483,1,5,1971,1971,89500
4,672,1,672,1,4,1941,1950,113000
5,2192,1,720,2,8,1939,1997,179500
8,2000,3,2000,2,8,2004,2005,305900
5,1125,2,1125,1,5,2006,2007,155000
5,1124,0,0,1,5,1954,1954,93000
6,1839,2,1477,2,7,1957,2004,257500
6,2144,2,1444,2,7,1958,2006,277000
7,2260,2,1306,2,7,1996,1997,328000
6,1977,2,816,1,9,1964,1978,165000
4,845,2,845,1,4,1982,2006,129500
6,1786,2,824,2,7,1997,1997,204750
6,2555,2,588,2,11,1922,1994,191000
5,1700,2,1398,1,6,1959,1959,165500
6,1671,2,959,2,7,2000,2000,173000
6,1376,1,780,2,7,1937,1950,119500
6,1689,2,1436,1,7,1956,1956,127500
7,2554,2,718,1,8,1890,1998,159500
5,1416,3,876,1,7,1915,1950,153900
5,816,1,816,1,5,1957,1957,129900
7,1370,2,1090,2,6,1976,1976,152000
6,1442,2,1442,2,6,1970,1970,185000
5,1285,1,672,1,6,1948,2001,127000
7,1474,2,384,2,7,1995,1996,168500
7,2013,2,1117,2,8,1996,1997,269790
8,1563,3,1563,2,6,2007,2007,245000
4,1663,2,1364,1,6,1954,1994,256000
4,1192,0,720,1,6,1949,1950,135000
4,1774,3,1095,2,8,1900,1950,87000
7,1962,3,1391,2,7,2006,2006,239799
7,1302,2,1302,2,6,2007,2007,176485
6,1118,2,648,1,6,1920,1950,116000
9,1766,3,1766,2,7,2009,2009,370878
7,1253,2,1237,2,6,1995,1996,176000
6,1097,2,1040,2,6,1984,1985,152000
5,1078,2,1078,1,6,1971,2008,149900
6,1572,2,806,2,7,1995,1996,168000
7,1524,2,1332,0,4,1979,1979,260000
7,2060,2,992,2,8,1999,1999,214000
6,1344,2,819,1,7,1958,1958,137500
7,1818,1,1040,1,7,1931,1950,169500
4,1029,1,1029,1,5,1961,1961,118500
6,2521,2,942,2,10,1973,1973,151400
6,1500,2,750,2,6,2005,2006,173900
8,2217,2,2217,2,8,1970,1970,268000
8,1370,2,1370,2,6,2006,2006,202500
6,1262,2,1262,2,5,2006,2006,185000
7,1894,2,817,2,8,2002,2003,214900
8,1694,3,1694,2,7,2007,2007,318000
4,864,2,864,1,4,1971,1971,97000
6,1709,2,970,2,7,2004,2006,130000
4,1738,1,715,2,7,1920,2007,104900
5,1319,1,608,1,5,1953,1953,123000
7,3222,3,1673,3,11,1990,1990,320000
6,1355,0,684,1,7,1914,2006,127000
3,1306,0,728,1,6,1940,1966,76500
5,768,2,768,1,5,1972,2007,133000
5,1077,1,991,1,5,1939,1950,118000
3,1183,1,649,1,6,1948,2002,120000
7,1456,2,728,2,8,2007,2007,179540
7,2291,2,975,2,8,1999,1999,230000
6,848,2,848,1,4,2003,2003,140000
10,2332,3,1682,2,9,2007,2008,426000
5,1348,1,884,1,5,1925,1997,117000
6,2108,2,1127,2,7,1935,1986,235000
4,1336,1,637,1,7,1920,1950,108000
10,5642,2,6110,2,12,2008,2008,160000
5,1344,1,1024,1,6,1958,1983,144000
8,1935,2,832,2,8,2009,2009,263435
4,1470,1,941,2,7,1954,1972,135000
7,2156,2,1568,2,9,1968,2003,262500
5,1728,2,1728,2,10,1963,1963,125000
7,1768,2,866,2,7,2005,2005,226700
5,1048,1,1048,1,6,1956,1956,135000
7,1728,2,864,2,7,2004,2004,190000
8,2358,0,684,2,8,1872,1987,122000
7,1146,2,868,2,6,2003,2003,187500
8,1601,2,1581,2,6,2001,2002,272000
5,1920,2,1052,2,8,1958,1958,172500
4,1363,2,622,1,6,1910,1950,125500
5,1148,1,980,1,6,1952,1952,123500
7,1294,2,1286,2,6,2006,2006,193879
5,1248,1,912,1,6,1930,1950,87000
8,1419,2,408,2,7,2002,2002,184100
6,1440,2,1440,2,7,1981,1981,182900
5,1140,0,1140,1,6,2006,2006,84500
7,2090,2,1107,2,7,1973,1973,200000
7,1640,2,798,2,6,2003,2003,183000
6,1679,2,1408,2,7,1994,1998,193500
6,1218,2,735,1,6,1941,1950,131000
5,1142,2,1142,1,6,1976,1976,134000
5,1110,2,1097,1,4,1978,1978,165500
5,1164,1,1164,1,5,1950,1950,125000
5,1192,1,596,1,6,1920,1950,78000
7,1422,2,1422,2,7,2004,2004,179600
5,894,2,894,1,5,1967,2003,130000
8,1953,3,1082,2,9,2005,2006,252000
7,1792,2,963,2,7,2001,2001,231500
4,924,1,672,1,5,1941,1950,80000
6,752,1,744,1,4,1984,1984,125000
7,1740,1,800,1,6,1940,1984,219500
6,1593,2,808,2,7,1992,1993,178000
5,1385,2,910,2,6,1952,1952,166000
7,1266,2,1257,2,6,2005,2005,176000
7,2021,2,868,2,9,2006,2006,274725
6,1334,2,1350,2,6,1977,1977,167900
7,1252,2,600,2,4,1999,2000,160000
6,2526,1,714,2,10,1916,1950,136000
10,2402,3,3094,2,10,2008,2008,555000
6,1362,2,611,2,6,1920,1999,128000
10,3627,3,1930,3,10,1995,1996,625000
7,2520,3,1203,2,9,1995,1995,290000
3,944,2,0,1,4,1952,1952,82000
5,912,1,912,1,5,1967,1967,125000
7,1553,2,756,2,6,2005,2006,186500
4,948,1,864,1,5,1954,1954,111000
7,1852,2,900,2,7,2009,2009,252678
5,1230,2,440,1,5,1910,1981,110000
7,1080,0,1080,1,6,2004,2005,141000
5,1250,1,686,1,7,1918,1950,116000
6,1611,2,780,1,7,1964,1964,167900
7,1949,2,1050,2,8,1993,1994,236000
6,1369,1,672,2,6,1925,1950,103600
7,1482,2,384,2,7,1992,1992,163900
5,1048,1,993,1,5,1922,1950,113000
7,1372,2,1372,2,6,2007,2008,250580
8,1296,2,1267,2,6,2001,2002,220000
5,990,1,990,1,5,1994,1994,126000
6,1489,1,778,2,7,1940,1950,139500
7,2172,3,1063,2,9,2006,2006,280000
7,1266,2,1266,2,6,2007,2007,159895
6,1218,2,1218,2,4,2009,2009,208300
6,932,1,932,1,4,1950,1950,124000
6,1322,2,855,2,6,1974,1974,147000
6,1635,1,485,1,5,1910,2003,117000
6,1478,2,1478,2,6,1960,1960,157500
5,1184,0,658,1,8,1910,1996,81000
7,1710,2,856,2,8,2003,2003,208500
6,912,2,888,1,5,1978,1978,156000
5,2126,2,1013,2,7,1967,1967,185000
5,1394,2,384,2,7,2006,2007,167500
5,970,2,970,1,5,1963,1963,132500
6,1034,3,1012,1,6,1976,1976,169900
7,1720,2,860,2,7,2004,2004,196500
5,1387,1,811,2,7,1954,1954,93000
6,1357,1,1019,1,5,1959,2006,177000
5,1264,2,1268,1,6,1960,1960,167500
6,1484,2,742,2,8,2005,2005,174000
7,1767,2,1064,2,5,1987,1987,239000
6,813,1,813,1,5,1930,2005,110000
6,754,0,520,1,5,1935,1982,84500
7,2069,2,585,2,9,1960,2007,242000
6,1509,2,1461,2,5,1988,1989,175000
6,1481,2,702,2,6,1994,1995,174000
4,960,2,960,1,6,1970,1970,129000
4,1040,2,0,1,4,1950,1950,109900
4,1040,2,0,2,6,1949,1950,90000
7,1802,1,793,1,9,1920,1950,200100
8,2610,2,1184,2,11,2007,2007,303477
5,1466,2,1466,1,6,1959,1959,149900
5,1652,1,686,2,7,1915,1950,139000
7,2097,3,1080,2,9,1993,1993,228000
8,1625,2,1573,2,5,2006,2007,235000
7,2287,2,1304,2,7,1953,1953,225000
9,2822,3,1734,3,12,2008,2009,582933
6,2054,2,992,2,7,2000,2000,244000
5,1336,1,1165,1,5,1953,1953,157000
4,894,2,894,1,5,1954,1954,110000
8,1719,2,1719,1,6,1993,1993,324000
7,2127,2,1223,2,5,1994,1994,271000
6,1251,1,1251,1,6,1964,1964,160000
5,912,1,912,1,5,1958,1985,120000
3,968,0,600,1,6,1910,1950,37900
7,1829,2,941,2,7,2003,2003,237000
6,1574,2,796,2,6,1976,1976,190000
4,720,0,720,1,4,1920,1950,34900
9,1980,3,1980,2,8,2004,2005,315000
7,1621,2,1208,2,8,1984,1998,202500
6,1602,2,1602,2,8,1977,2000,215000
6,1616,1,1149,2,5,1926,2004,152000
5,1600,1,1484,1,6,1957,1997,207500
6,2119,2,689,2,7,1972,1972,158000
7,1709,2,970,2,7,2004,2004,130000
7,2110,2,2110,2,8,1968,1968,244000
3,774,0,544,1,6,1931,2006,79000
4,796,0,796,1,5,1922,1950,55000
8,1707,2,1686,2,6,1981,1981,228000
8,2161,3,1582,1,8,2007,2007,325624
7,1716,2,880,2,7,1996,1996,191000
6,1362,2,1362,1,6,1961,1961,163000
6,1796,2,794,2,7,1998,1998,211000
8,1652,2,1600,2,5,2008,2008,392500
7,1482,2,650,1,7,1920,1988,143000
5,1015,1,768,1,6,1925,1950,88000
6,1578,1,806,1,5,1941,1950,133000
5,1086,2,1086,1,6,1954,2003,144900
6,1218,0,672,1,7,1971,1971,91500
5,860,2,840,1,4,1982,1982,137000
4,1140,0,576,1,7,1910,2004,96500
7,1502,1,776,1,6,1931,2000,149000
6,1165,2,1127,1,6,1966,1966,174900
6,1960,2,860,2,8,2002,2002,216500
7,2031,2,1153,2,8,1998,1999,222500
6,1392,1,689,1,6,1977,1977,161750
7,1541,2,1541,2,7,2005,2005,220000
5,1327,2,1063,1,7,1959,2002,150750
4,1324,1,672,1,6,1936,1950,128000
6,1552,2,713,2,6,1975,1975,179900
8,2810,2,1453,2,9,1990,1990,302000
10,3608,3,1107,2,12,1892,1993,475000
5,1328,1,1350,1,5,1959,1959,170000
7,2519,2,1210,2,9,1989,1990,335000
5,1517,0,793,2,7,1919,2005,115000
5,1057,1,1057,1,5,1953,2007,109000
8,2132,2,1496,1,5,1983,2009,316600
8,1629,3,1616,2,9,2002,2003,270000
5,1188,2,1188,1,6,1959,1959,142000
8,1464,3,1485,2,6,2007,2007,282922
6,1216,2,1216,2,5,1998,1998,164000
8,1634,3,1626,2,7,2006,2006,250000
5,924,2,672,1,6,1949,2006,122900
5,1060,1,1060,1,6,1968,2001,154000
6,1548,2,804,2,7,1976,1976,155000
2,438,1,290,1,3,1920,1950,60000
4,747,1,747,1,4,1945,1950,80000
5,892,1,892,1,5,1967,1967,100000
5,1190,2,1106,1,6,1962,1962,132500
6,1394,2,1394,1,6,1963,1963,159000
5,1960,2,960,2,10,1952,1952,124500
6,848,2,848,1,3,2003,2003,131500
7,1339,2,1309,2,6,1990,1990,180000
6,784,2,784,1,5,1928,1950,76000
5,948,1,948,1,6,1968,1968,108000
5,1178,2,1176,1,5,1973,2000,157000
7,1983,2,978,2,9,1999,1999,225000
5,1728,2,1728,2,8,1976,1976,188000
5,764,2,680,1,4,1925,2004,73000
4,988,1,462,1,5,1973,1973,91000
6,1224,2,612,2,4,2009,2009,173733
6,987,1,483,1,5,1972,1972,94500
7,1908,2,915,2,8,1994,1995,210000
5,1144,1,1144,1,6,1956,1956,129000
6,1032,2,1032,2,6,1978,1978,148000
6,2060,2,1151,2,8,1988,1989,211000
5,1114,2,1114,1,6,2004,2004,159000
6,1724,2,1680,1,7,1967,1976,197900
6,1218,1,672,1,7,1972,1972,118000
4,841,1,721,1,4,1950,1950,82000
8,1088,2,1074,1,5,1986,1986,170000
5,864,1,864,1,6,1978,2005,136500
8,1826,3,1814,2,7,2005,2006,319000
5,1111,1,530,1,6,1920,1996,101000
5,912,2,912,1,5,1965,2008,147000
8,2270,3,1152,2,9,1999,2007,290000
5,923,1,876,1,5,1984,1985,119500
5,910,2,105,1,5,1953,1996,116000
3,1040,2,0,2,6,1950,1950,92900
4,1374,1,840,1,6,1920,1950,105000
9,2121,3,2121,2,8,2006,2007,415298
7,1959,2,847,2,8,2004,2005,215000
5,1539,2,927,1,5,1936,1950,141500
5,1268,1,1268,1,7,1954,1954,132000
4,960,1,960,1,5,1920,1950,108500
5,1097,2,1097,1,6,1994,1995,145000
7,1768,2,880,1,6,1914,1970,163000
6,1668,1,856,1,6,1950,2005,140000
6,1392,2,1392,1,5,1968,1968,110000
6,1412,1,780,1,6,1939,1950,132500
8,1630,3,1622,2,8,2008,2008,295493
7,1241,2,1241,1,4,2006,2007,199900
5,768,2,768,1,5,1970,1970,129500
6,1640,2,1296,1,7,1954,2006,224000
8,1419,2,1419,2,7,2007,2007,392000
5,1200,0,1200,3,5,1987,1988,179000
7,1479,2,725,1,7,1972,2004,184000
6,1414,2,1184,1,6,1958,2002,176500
5,1344,3,624,1,7,1916,1950,98000
5,2320,2,0,2,7,1948,1950,169000
4,788,0,788,1,4,1941,1950,100000
6,1441,2,855,2,7,1978,1978,148500
6,864,1,864,1,5,1959,1959,127500
4,864,2,864,1,5,1971,1971,120500
5,1776,3,1584,2,9,1958,1958,110000
5,1056,1,1056,1,6,1968,1968,142000
1,904,0,683,0,4,1922,1950,61000
7,1478,2,1470,2,7,2009,2009,222000
3,1605,1,840,2,8,1915,1950,107400
7,1790,2,873,2,7,1999,1999,193000
5,1868,2,780,2,9,1976,1976,197500
6,1218,1,672,1,7,1973,1973,113000
10,2084,3,2078,2,7,2007,2008,385000
6,1456,2,855,2,7,1976,1976,148500
5,1256,1,1256,1,6,1965,1965,147500
6,1509,2,783,2,7,2002,2003,183200
6,2320,1,1028,2,9,1945,2002,259500
6,2624,3,1370,2,10,1918,1950,239000
6,1375,1,780,1,6,1937,1950,141000
6,1095,1,588,1,6,1958,1958,140000
5,2200,0,1272,2,9,1900,2003,145900
7,1494,2,1494,2,6,2002,2002,221000
4,1346,1,560,1,6,1910,2000,112000
4,990,0,990,1,5,1994,1995,123600
6,2358,2,907,3,10,1908,1997,240000
5,833,1,833,1,4,1954,2000,117000
8,2482,3,1094,2,9,2005,2006,281213
8,2098,3,1030,2,8,2005,2005,275500
5,899,1,864,1,5,1967,2004,130000
9,2324,3,1175,3,11,2005,2006,345000
5,894,2,894,1,6,1972,1972,123000
6,1575,2,1575,2,5,1992,1992,179200
6,848,2,848,1,3,2004,2004,141000
7,1690,1,815,1,7,1916,1950,144000
5,1475,1,757,2,6,1977,1977,127000
6,1362,2,1362,2,6,2005,2006,194700
8,1456,2,1273,2,7,2003,2003,215000
7,2462,2,1392,2,9,2005,2006,320000
6,1796,2,780,1,8,1963,1963,140000
5,1472,1,702,1,6,1925,1994,125000
7,1604,2,1604,2,8,2006,2006,220000
5,1786,2,1499,2,7,1965,1965,228950
6,1661,1,992,1,8,1955,1996,165500
4,630,1,630,1,3,1970,1970,80000
10,2020,3,2006,2,9,2009,2009,402861
8,1665,2,810,2,6,2001,2001,227000
7,1836,2,1860,2,8,2004,2005,216837
5,2372,1,994,2,11,1892,1965,107500
5,1301,2,1145,1,5,1924,1950,100000
7,1240,3,1240,2,5,2006,2006,194000
6,1244,1,1244,1,6,1957,1957,150000
8,1795,2,1777,2,7,2002,2002,230000
6,1167,2,1158,2,6,1992,1992,173000
8,1578,3,1573,2,7,2008,2009,287090
8,1908,2,967,2,9,2002,2002,202900
6,1198,0,901,1,7,1920,1998,79900
8,1976,3,1976,2,7,2006,2007,440000
4,1328,1,686,1,8,1925,1950,107000
5,1268,1,1268,1,5,1977,1989,143500
7,1250,2,625,2,5,2006,2007,171900
5,1664,0,0,2,8,1965,1965,100000
6,1416,2,708,2,7,1968,1968,179900
6,2291,2,1214,2,9,1910,1998,133900
7,1710,2,1710,2,7,2004,2005,240000
5,616,1,616,1,4,1921,1950,89000
5,1050,1,1050,1,6,1961,1961,136500
6,1252,2,1602,1,4,1960,1975,235000
5,990,2,990,1,5,1994,1995,138000
5,1078,1,1078,1,5,1950,1996,142125
6,2087,2,832,2,9,1966,2007,187500
6,1429,2,1144,1,7,1960,1987,181900
5,1812,2,360,2,8,1900,1996,140000
6,1138,1,588,1,6,1958,1958,145000
5,1484,2,1484,2,7,1971,1971,175000
7,1557,2,1374,2,7,2003,2004,234000
4,1196,2,1196,1,5,1916,1990,109900
5,864,2,864,1,5,1958,1958,129900
5,1056,1,1056,1,6,1954,2005,139400
8,2526,3,1165,2,8,1994,1994,290000
7,1145,2,1145,2,5,2005,2006,160200
5,1092,1,1092,1,6,1962,1962,139000
5,1432,2,264,2,7,1910,2002,132000
6,1392,2,1392,1,6,1957,1957,166000
6,1456,2,728,2,8,2005,2006,163990
5,1053,1,1053,1,5,1959,2006,145500
6,3395,0,1440,2,14,1914,1995,200000
5,1287,2,1063,1,7,1959,2006,162000
5,778,1,740,1,4,1940,1955,120500
6,1092,1,525,1,6,1971,1971,88000
4,747,2,600,1,5,1926,1953,79900
7,1733,2,847,2,7,2003,2003,225000
8,1646,3,1638,2,6,2006,2007,248900
7,2149,2,1434,1,6,2003,2003,239686
5,1582,2,1624,2,7,1964,1964,190000
8,1742,2,916,1,8,1882,1986,168000
4,1040,2,1064,1,5,1963,1963,132250
5,912,1,912,1,5,1958,1958,114500
8,2198,3,1145,2,9,2000,2000,250000
5,1680,2,1680,2,8,1976,1976,136905
8,3447,3,728,3,11,1935,1997,381000
5,1316,2,926,1,6,1929,2001,130000
5,2601,2,612,3,8,1921,1998,189000
5,1365,2,765,1,7,1970,1970,125000
7,1258,3,1258,2,6,2006,2007,172500
8,1574,3,1574,2,7,2006,2006,232000
5,1096,1,1096,1,6,1969,1969,138800
6,987,1,483,1,5,1973,1973,100000
7,1708,2,976,2,7,2004,2004,130000
7,3493,3,1470,3,10,1880,2002,295000
8,1752,2,559,2,8,1988,2005,164000
7,2036,2,2136,2,8,1965,1965,375000
5,1344,1,896,1,7,1936,1950,115000
5,1109,1,372,1,5,1971,2005,139000
6,1470,2,794,2,6,1997,1997,177000
5,952,2,952,1,4,1951,1951,139000
6,1680,2,880,2,5,1988,2007,222000
6,1516,2,1516,1,6,1964,1964,167000
8,1734,3,1734,2,7,2007,2007,318000
8,1502,2,1488,1,4,1985,1985,212000
7,1626,2,764,2,6,2003,2004,173000
6,1469,1,756,1,7,1906,1995,135000
7,1550,2,1092,2,7,2006,2007,241000
7,1368,2,1368,2,6,2005,2006,202665
9,2596,3,1249,3,9,2006,2006,342643
5,1339,1,1029,1,6,1958,1965,139000
7,1839,2,1195,2,7,1998,1998,221000
8,2452,3,1117,3,9,2004,2005,309000
7,1509,2,783,2,8,2003,2003,180000
7,1434,2,1454,2,6,2001,2001,189000
6,1294,2,1278,2,6,1991,1991,179200
6,1680,1,840,2,8,1915,1976,177000
6,1721,2,928,2,7,1994,1994,201000
4,864,2,864,1,5,1972,1972,111250
7,1501,2,744,2,6,1999,1999,179400
5,2337,2,662,2,10,1900,1950,90000
7,1872,2,1845,2,6,1988,1988,241500
7,1530,3,1530,2,7,2004,2004,259000
6,1484,0,742,2,9,1914,2001,128000
4,630,1,630,1,3,1970,2002,86000
6,1200,1,1200,1,7,1923,1950,125000
6,2872,2,1330,2,11,1977,1995,272000
6,1445,2,1127,1,7,1964,1964,158000
6,1116,2,1116,1,5,1962,1962,160000
7,2090,2,1190,2,6,1984,1984,207500
5,943,2,943,1,4,1979,1979,135960
6,1608,1,976,2,7,1925,1990,137450
4,1296,2,0,2,6,1967,1967,90000
5,840,0,672,1,5,1930,1950,87000
7,1978,2,832,2,9,1968,1968,176000
7,999,2,944,1,6,1961,2007,178400
6,958,2,958,2,5,1976,1976,143750
8,2727,2,853,2,10,1932,1994,315000
5,1167,2,915,1,6,1920,1950,144000
6,1851,2,822,2,7,1964,1993,187000
6,1252,2,1252,1,7,1959,1959,142000
4,912,0,0,1,3,1947,1950,80500
5,1040,2,1040,1,6,1996,1996,152000
6,1525,2,756,2,5,2000,2000,177000
8,2452,2,1028,2,9,1998,1999,267000
8,3228,2,3200,3,10,1992,1993,430000
7,1166,2,856,2,5,2005,2005,190000
6,1846,1,1040,2,7,1949,1950,143000
5,1074,2,1056,1,6,1975,1975,153500
7,2344,3,1264,2,7,1996,1997,265000
5,893,2,845,1,4,1949,2003,135000
6,1493,2,1478,2,7,1997,1998,208900
8,1968,3,774,2,8,2009,2010,269500
6,1004,2,1004,1,5,1970,1970,149000
5,1456,1,810,1,7,1948,1950,91500
6,1635,2,1065,1,6,1923,1950,210000
6,1458,1,912,1,6,1948,1950,97500
6,1224,2,1224,2,5,1999,1999,165000
7,1506,2,1362,2,6,2005,2005,213490
5,2136,2,2136,2,7,1951,1951,137900
7,1416,2,696,2,6,1999,1999,155000
10,2633,3,2633,2,8,2001,2002,466500
8,1468,3,1468,2,6,2008,2009,244600
5,773,1,773,1,4,1953,1953,110000
5,1302,1,630,2,6,1971,1971,112000
5,900,2,900,1,5,1951,2000,134800
6,904,1,884,1,4,1926,2004,119000
6,1844,2,1844,2,7,1969,1969,223000
7,1555,2,1373,2,7,2005,2006,192500
5,1297,2,1297,1,5,1954,1990,153000
4,1529,1,0,2,9,1945,1950,98000
3,1733,2,0,2,8,1955,1955,139600
6,1710,2,832,2,7,1993,1993,187000
6,1868,2,585,3,7,1984,2003,178000
5,1126,2,1126,2,5,1977,1977,160000
7,1102,2,551,2,4,2004,2004,148800
6,1913,2,896,1,9,1928,1950,177000
8,1567,3,1520,2,7,2006,2006,264561
5,1050,1,1050,1,5,1956,1956,128900
8,1580,3,1580,2,7,2007,2008,235128
8,1314,2,1300,2,6,2009,2009,229456
6,2792,2,1510,2,8,1920,1950,256000
6,1688,2,616,2,8,1997,1997,200000
6,1232,2,1232,2,6,1984,1984,162500
6,1229,2,561,1,5,1980,1980,124000
3,1699,2,978,2,7,1900,1970,95000
4,936,2,936,1,4,1953,1953,93000
7,1948,2,847,2,8,2004,2005,195000
9,2224,3,1462,2,10,2004,2005,350000
5,2002,3,1001,2,8,1949,1950,145000
6,1993,2,825,2,8,1971,1971,190000
7,1861,2,916,2,8,2002,2002,200000
5,1041,1,1041,1,6,1959,1959,124500
6,986,1,960,1,5,1926,1950,102000
7,1405,2,1405,2,6,2003,2003,171750
7,1226,3,1226,2,6,2009,2009,198900
6,838,1,816,1,5,1918,2000,130000
3,864,1,864,1,5,1914,1950,58500
5,1006,0,1006,1,5,1959,1959,80000
9,1842,3,1842,0,5,1981,1987,385000
8,1710,3,1710,2,6,2007,2008,372402
8,2263,2,1141,2,10,1998,1998,258000
4,2290,2,777,2,11,1885,1950,122500
4,1100,1,1100,1,6,1960,1960,141000
6,2117,2,1205,2,7,1970,1970,237500
4,960,1,672,1,5,1956,1956,112000
7,1774,2,952,2,8,1931,1950,129900
6,1082,1,1082,1,5,1948,1950,119200
5,1122,2,924,1,6,1948,2005,147000
8,1338,2,1338,2,6,2001,2001,213500
6,1756,2,872,2,7,1996,1997,204000
6,1302,1,1302,2,7,1964,1991,158000
4,951,1,951,1,6,1936,1950,106500
6,987,1,483,1,5,1973,1973,83000
5,1090,2,1090,1,5,2005,2006,157000
5,1604,2,984,2,6,1941,1960,117000
6,1512,2,756,2,4,2000,2000,168500
6,1577,1,972,1,6,1939,1950,140200
7,2167,2,1192,2,9,1974,2003,294000
6,1212,2,506,1,6,1977,1995,151000
5,969,2,969,1,5,1975,1975,122000
6,1072,2,547,1,5,2005,2005,148000
8,1518,2,1518,1,6,2003,2004,274000
5,1188,1,1188,1,6,1962,1962,157900
7,1958,3,1026,2,9,2005,2005,250000
6,1069,2,1069,2,4,1977,1977,140000
8,1788,2,1753,2,7,2001,2001,236500
5,2414,2,954,2,10,1900,1970,160000
3,720,1,0,1,4,1949,1950,72500
6,1261,2,1261,1,6,1958,1958,163000
5,875,1,715,1,5,1931,1993,105000
5,672,1,672,1,4,1940,1997,108000
6,980,0,945,2,4,1975,1975,127500
3,1214,3,672,1,6,1915,1950,105000
5,1486,2,1486,1,7,1964,1999,167000
6,1660,1,715,1,6,1934,1995,188700
7,1217,2,1188,2,6,1990,1991,173000
7,1564,1,704,1,7,1941,1950,174500
7,1490,2,788,2,8,2004,2005,184000
8,3194,2,965,2,10,1934,1998,359100
7,1501,2,1490,2,6,1999,1999,204000
7,1320,2,660,2,6,2003,2003,162000
8,2612,3,1225,2,8,1998,1999,336000
8,3112,2,1360,2,8,1918,1990,235000
4,2230,1,795,1,10,1912,1950,118500
7,2022,2,1160,2,8,1977,1977,192000
7,2263,2,795,2,9,1977,1994,235000
7,1632,2,935,2,8,1998,1998,176500
8,1288,2,1260,1,4,1996,1996,245500
6,1080,1,1080,1,5,1958,1958,136000
6,1700,2,1682,2,7,2003,2003,200000
6,1310,1,617,2,6,1924,1950,112000
4,1067,2,1067,2,4,1950,1995,128000
6,1928,1,1020,2,9,1910,1950,137000
7,2784,2,1392,3,12,1978,1978,250000
7,2097,2,1108,2,8,1998,1998,274300
6,816,1,816,1,5,1930,2007,120500
6,1953,2,1580,2,9,1992,1992,240000
8,1659,2,1501,2,5,2000,2000,278000
5,1779,2,1763,1,6,1955,1974,170000
7,1248,2,1248,2,5,2005,2006,167240
7,1929,2,1057,2,7,2001,2001,226000
6,1262,2,1262,2,6,1976,1976,181500
7,2696,3,1264,2,10,2007,2007,383970
5,894,1,894,1,5,1965,2009,138500
6,1912,2,482,2,7,1905,2000,163000
5,965,1,828,1,6,1965,1965,119900
6,1824,0,912,2,8,1971,1971,139000
8,1787,3,1753,2,7,2001,2002,275000
4,1440,0,1440,2,8,1955,1955,118000
6,1252,1,1032,1,6,1950,1950,119000
8,1987,2,1986,2,7,1994,1994,301500
4,1181,2,1138,2,6,1972,1972,137500
6,1792,2,936,2,8,2000,2000,186500
5,864,0,864,1,4,1922,1950,99900
5,1128,2,1120,2,6,1963,1963,155000
8,1959,3,1088,2,8,2006,2006,270000
6,1839,2,756,1,7,1966,1966,155000
5,904,1,876,1,6,1966,1966,109900
5,1040,2,1040,2,5,1977,2008,150500
6,918,1,918,2,5,1979,1979,99500
6,1520,1,1156,1,7,1955,1972,153000
7,1411,2,1386,2,6,1977,1977,82500
6,2058,2,735,1,8,1917,1950,129500
6,2201,2,697,2,8,1966,1966,274970
7,1656,2,746,2,7,2003,2004,165400
7,1494,2,1482,2,5,1998,1998,215000
6,1564,2,650,2,7,1980,1981,171000
6,981,2,981,1,5,1971,1971,143250
6,1502,1,602,1,7,1923,1996,165000
5,1092,1,1092,1,6,1957,1957,141000
5,1520,1,793,1,6,1932,2000,159434
5,1320,2,1164,1,6,1966,1966,164500
8,1836,3,1836,2,7,2004,2005,280000
7,1889,1,925,1,9,1910,1950,122000
5,1130,2,1120,1,5,1920,1950,120000
7,2398,3,1379,2,8,1996,1997,315750
6,1991,2,854,1,7,1932,1950,220000
9,1838,3,1838,2,8,2006,2006,315000
6,1352,1,663,1,7,1969,1969,158000
7,1720,2,1720,2,7,1996,1996,260400
6,1716,2,858,1,8,1962,1962,171000
5,999,1,999,1,6,1962,2001,132500
6,1470,2,680,2,6,1993,1993,185000
4,1132,2,1132,1,5,2005,2005,176000
6,1674,2,1163,2,8,1918,1950,185000
6,1337,2,1405,2,5,1998,1999,181000
7,1349,2,1349,2,6,2000,2001,179000
5,1148,1,1148,1,6,1959,1959,132500
6,1683,2,918,2,7,1978,1978,172500
4,1344,0,546,1,6,1970,2008,97000
5,1696,1,1140,1,8,1962,1962,143900
5,882,1,0,1,5,1959,1959,106500
7,1895,2,712,2,7,1994,1996,194500
5,894,1,894,1,5,1962,1962,109500
5,1812,1,864,2,8,1962,1962,169500
7,1714,2,980,2,7,1988,1988,196500
6,1114,2,1114,1,6,2003,2004,155000
7,1689,3,1689,2,7,2007,2007,248328
5,1376,1,768,1,6,1941,1950,105000
8,2704,2,1952,2,9,1972,1995,345000
8,1872,2,1299,2,7,2001,2001,261500
5,858,0,858,1,4,1958,2008,116500
4,864,2,864,1,5,1970,1970,120500
9,1668,3,1626,2,7,2002,2002,285000
5,835,1,458,1,5,1920,1950,83000
5,1128,1,936,1,5,1954,1954,118000
6,1639,1,1064,1,6,1936,1950,115000
5,1214,2,1214,1,6,1965,1965,140000
6,1556,2,727,1,8,1968,1968,154000
7,1364,2,1364,2,6,2005,2005,185850
7,2236,2,964,2,8,1997,1997,222000
6,1004,2,975,1,4,1977,1977,135000
4,1121,2,1121,2,5,2003,2004,140000
5,1721,2,1461,2,7,1968,1993,180000
7,1316,2,1316,2,6,2007,2007,200141
6,1324,2,1088,2,6,1965,1965,160000
8,1360,2,1220,1,4,1984,1984,187500
6,1194,1,1194,1,6,1959,1959,148000
9,1856,3,1856,1,8,2010,2010,394432
5,900,1,882,1,5,1967,1967,122000
5,1134,1,756,1,7,1940,1950,126000
6,1961,2,804,2,7,2001,2002,215000
5,816,2,816,1,4,1982,2003,138000
5,894,2,894,1,5,1968,1968,129000
4,1092,1,546,1,6,1973,1973,83500
6,1094,2,1094,1,5,1953,1953,155000
6,1811,2,1073,1,6,1956,2004,230000
4,1294,0,0,2,7,1900,2000,106250
7,2034,2,1057,2,8,1997,1998,219500
6,1253,1,1253,1,5,1960,1960,157000
7,2514,2,1216,2,8,1990,1991,250000
5,1154,2,1154,1,6,1966,1966,154000
6,1456,2,728,2,8,2006,2006,172785
6,1800,2,982,2,7,2000,2000,179000
5,1656,1,660,2,8,1916,1987,135000
8,2365,3,1252,2,8,1999,1999,337000
7,1436,2,1436,2,8,2004,2004,210000
6,1062,2,1029,1,5,1976,1976,146800
5,1466,2,796,2,7,1936,1989,170000
5,1155,2,1109,1,6,1961,1995,148000
7,1536,2,1536,2,7,2002,2003,214000
5,971,1,971,1,5,1969,1969,128500
6,1003,2,1003,1,6,1984,1984,142500
7,1504,2,1504,2,6,1996,1996,203000
5,1920,2,928,2,10,1948,1950,137000
7,1242,2,1242,1,6,1973,1973,175500
7,2340,1,1152,2,9,1941,2006,266500
7,1661,2,1649,2,6,1998,1998,224900
6,1113,1,1143,1,6,1976,1976,148000
4,1230,1,747,1,5,1946,1950,121600
6,1279,2,1196,2,6,1977,1977,171500
9,2668,3,1572,2,10,2003,2004,412500
4,1208,2,780,1,5,1925,1950,103000
7,1310,2,1310,2,6,2005,2005,164990
8,2576,3,1234,2,10,2006,2006,361919
5,936,2,936,1,4,1980,1980,140000
6,1647,1,806,1,6,1915,1950,128000
7,1220,2,1199,2,6,2006,2006,194000
5,882,2,882,1,5,1972,1972,112500
5,1302,2,630,2,6,1970,1970,106000
7,1442,2,1424,2,5,1990,1990,180500
9,1561,2,1561,2,6,2005,2005,277500
6,1204,2,1204,2,5,1998,1998,162000
7,1378,2,689,2,7,1928,2005,161000
6,848,2,848,1,3,2004,2004,149300
7,1525,2,1525,2,6,2000,2000,235000
5,1235,2,1235,1,6,1961,1961,98600
6,1412,2,616,2,6,2006,2007,156932
5,2240,2,0,2,12,1979,1979,142953
7,2295,2,1095,2,9,1992,2000,268000
8,1668,2,1657,2,8,2003,2003,232000
7,1614,3,1614,2,7,2005,2006,221500
5,866,0,686,1,4,1945,1997,110500
7,1494,3,1494,2,7,2006,2007,279500
7,1432,2,716,2,6,2004,2005,188500
8,1904,2,1058,2,8,2005,2005,275000
6,1125,1,1041,1,6,1976,1976,125000
6,1072,2,547,2,5,2005,2006,140000
5,1867,1,1617,1,7,1955,1993,190000
6,1482,1,672,2,7,1925,1950,140000
8,2376,3,1158,3,9,2005,2006,325300
5,1048,2,0,1,7,1950,1950,98300
7,1820,2,864,1,8,1965,1988,201800
7,1200,2,600,2,4,2005,2005,151000
9,2018,3,2002,2,10,2008,2009,378500
5,996,0,996,1,6,1940,1969,108000
6,848,2,848,1,3,2003,2003,136500
7,1761,2,874,3,7,2007,2007,227875
5,1057,2,1057,1,6,1962,1962,132000
8,1593,2,1593,1,5,2001,2002,286000
7,1382,2,673,2,6,2000,2000,165000
7,1391,2,1391,2,5,2004,2004,196000
5,1363,1,1008,1,6,1951,2000,164900
7,1459,2,1459,2,6,2002,2002,192000
8,1652,2,1494,2,6,2000,2000,251000
6,1026,2,940,1,5,1978,1978,147000
7,2640,4,1240,1,8,1880,2003,265979
6,1640,2,798,2,6,2004,2004,173000
7,1108,1,637,1,6,1930,1950,139400
4,693,0,693,1,4,1941,1950,52500
5,1203,1,709,1,5,1950,1950,110000
5,1572,3,1572,1,5,1963,1963,186700
7,1560,2,1560,2,7,2003,2003,201000
6,1958,2,979,2,8,1946,1950,145000
5,894,1,894,1,5,1966,1966,125000
8,1269,2,1256,2,6,2004,2005,192000
7,1428,2,1417,2,6,2008,2008,227680
8,1932,3,1932,2,7,2008,2008,394617
9,1684,2,1684,2,6,2005,2005,266000
8,3279,3,1650,3,12,2003,2003,538000
4,816,1,816,1,3,1938,1958,100000
7,2157,2,924,2,8,1966,1966,226000
6,1682,2,804,2,7,1998,1998,200500
5,698,0,698,1,4,1947,2008,118000
5,1687,2,747,1,7,1948,1950,160000
6,1224,2,612,2,4,2009,2009,164500
5,1728,1,1728,2,10,1964,1964,119000
6,1141,2,1141,1,6,2005,2005,142500
7,1277,2,1277,1,5,1970,1970,167000
4,1123,1,732,1,4,1939,1950,100000
8,2524,2,2524,2,9,1981,1981,278000
6,1314,2,1314,2,6,2006,2006,176432
4,1981,2,1122,2,7,1928,1950,135000
5,864,2,864,1,5,1955,1990,115000
7,1426,1,912,1,7,1918,1998,189950
7,1555,3,1373,2,7,2007,2007,174000
