OverallQual,GrLivArea,GarageCars,TotalBsmtSF,1stFlrSF,FullBath,YearBuilt,YearRemodAdd,TotRmsAbvGrd,SalePrice
7,1710.0,2.0,856.0,856.0,2.0,2003.0,2003.0,8,208500.0
6,1262.0,2.0,1262.0,1262.0,2.0,1976.0,1976.0,6,181500.0
7,1786.0,2.0,920.0,920.0,2.0,2001.0,2002.0,6,223500.0
7,1717.0,3.0,756.0,961.0,1.0,1915.0,1970.0,7,140000.0
8,2198.0,3.0,1145.0,1145.0,2.0,2000.0,2000.0,9,250000.0
5,1362.0,2.0,796.0,796.0,1.0,1993.0,1995.0,5,143000.0
8,1694.0,2.0,1686.0,1694.0,2.0,2004.0,2005.0,7,307000.0
7,2090.0,2.0,1107.0,1107.0,2.0,1973.0,1973.0,7,200000.0
7,1774.0,2.0,952.0,1022.0,2.0,1931.0,1950.0,8,129900.0
5,1077.0,1.0,991.0,1077.0,1.0,1939.0,1950.0,5,118000.0
5,1040.0,1.0,1040.0,1040.0,1.0,1965.0,1965.0,5,129500.0
9,2324.0,3.0,1175.0,1182.0,3.0,2005.0,2006.0,10,340037.5
5,912.0,1.0,912.0,912.0,1.0,1962.0,1962.0,4,144000.0
7,1494.0,3.0,1494.0,1494.0,2.0,2006.0,2007.0,7,279500.0
6,1253.0,1.0,1253.0,1253.0,1.0,1960.0,1960.0,5,157000.0
7,854.0,2.0,832.0,854.0,1.0,1929.0,2001.0,5,132000.0
6,1004.0,2.0,1004.0,1004.0,1.0,1970.0,1970.0,5,149000.0
4,1296.0,2.0,42.0,1296.0,2.0,1967.0,1967.0,6,90000.0
5,1114.0,2.0,1114.0,1114.0,1.0,2004.0,2004.0,6,159000.0
5,1339.0,1.0,1029.0,1339.0,1.0,1958.0,1965.0,6,139000.0
8,2376.0,3.0,1158.0,1158.0,3.0,2005.0,2006.0,9,325300.0
7,1108.0,1.0,637.0,1108.0,1.0,1930.0,1950.0,6,139400.0
8,1795.0,2.0,1777.0,1795.0,2.0,2002.0,2002.0,7,230000.0
5,1060.0,2.0,1040.0,1060.0,1.0,1976.0,1976.0,6,129900.0
5,1060.0,1.0,1060.0,1060.0,1.0,1968.0,2001.0,6,154000.0
8,1600.0,3.0,1566.0,1600.0,2.0,2007.0,2007.0,7,256300.0
5,900.0,2.0,900.0,900.0,1.0,1951.0,2000.0,5,134800.0
8,1704.0,3.0,1704.0,1704.0,2.0,2007.0,2008.0,7,306000.0
5,1600.0,1.0,1484.0,1600.0,1.0,1957.0,1997.0,6,207500.0
4,520.0,1.0,520.0,520.0,1.0,1927.0,1950.0,4,68500.0
4,1317.0,1.0,649.0,649.0,1.0,1920.0,1950.0,6,40000.0
5,1228.0,1.0,1228.0,1228.0,1.0,1966.0,2006.0,6,149350.0
8,1234.0,2.0,1234.0,1234.0,2.0,2007.0,2007.0,7,179900.0
5,1700.0,2.0,1398.0,1700.0,1.0,1959.0,1959.0,6,165500.0
9,1561.0,2.0,1561.0,1561.0,2.0,2005.0,2005.0,6,277500.0
8,2452.0,3.0,1117.0,1132.0,3.0,2004.0,2005.0,9,309000.0
5,1097.0,2.0,1097.0,1097.0,1.0,1994.0,1995.0,6,145000.0
5,1297.0,2.0,1297.0,1297.0,1.0,1954.0,1990.0,5,153000.0
5,1057.0,1.0,1057.0,1057.0,1.0,1953.0,2007.0,5,109000.0
4,1152.0,0.0,42.0,1152.0,2.0,1955.0,1955.0,6,82000.0
6,1324.0,2.0,1088.0,1324.0,2.0,1965.0,1965.0,6,160000.0
5,1328.0,1.0,1350.0,1328.0,1.0,1959.0,1959.0,5,170000.0
5,884.0,2.0,840.0,884.0,1.0,1983.0,1983.0,5,144000.0
5,938.0,1.0,938.0,938.0,1.0,1975.0,1980.0,5,130250.0
5,1150.0,1.0,1150.0,1150.0,1.0,1959.0,1959.0,6,141000.0
9,1752.0,2.0,1752.0,1752.0,2.0,2005.0,2005.0,6,319900.0
7,2149.0,2.0,1434.0,1518.0,1.0,2003.0,2003.0,6,239686.0
8,1656.0,3.0,1656.0,1656.0,2.0,2006.0,2006.0,7,249700.0
4,1452.0,0.0,736.0,736.0,2.0,1920.0,2008.0,8,113000.0
5,955.0,1.0,955.0,955.0,1.0,1966.0,1966.0,6,127000.0
6,1470.0,2.0,794.0,794.0,2.0,1997.0,1997.0,6,177000.0
6,1176.0,2.0,816.0,816.0,1.0,1934.0,1950.0,6,114500.0
5,816.0,2.0,816.0,816.0,1.0,1963.0,1963.0,5,110000.0
9,1842.0,3.0,1842.0,1842.0,0.0,1981.0,1987.0,5,340037.5
5,1360.0,2.0,384.0,1360.0,1.0,1955.0,1955.0,6,130000.0
6,1425.0,2.0,1425.0,1425.0,2.0,1964.0,1964.0,7,180500.0
8,1739.0,2.0,970.0,983.0,2.0,1999.0,2000.0,7,172500.0
7,1720.0,2.0,860.0,860.0,2.0,2004.0,2004.0,7,196500.0
10,2747.625,3.0,1410.0,1426.0,3.0,2006.0,2006.0,10,340037.5
5,780.0,1.0,780.0,780.0,1.0,1972.0,1972.0,4,124900.0
6,1158.0,2.0,1158.0,1158.0,1.0,2004.0,2004.0,5,158000.0
5,1111.0,1.0,530.0,581.0,1.0,1920.0,1996.0,6,101000.0
8,1370.0,2.0,1370.0,1370.0,2.0,2006.0,2006.0,6,202500.0
7,1710.0,2.0,576.0,902.0,2.0,1921.0,1950.0,9,140000.0
7,2034.0,2.0,1057.0,1057.0,2.0,1997.0,1998.0,8,219500.0
8,2473.0,3.0,1143.0,1143.0,2.0,2004.0,2005.0,9,317000.0
7,2207.0,2.0,1947.0,2155.125,2.0,1970.0,1989.0,7,180000.0
7,1479.0,2.0,1453.0,1479.0,2.0,2003.0,2003.0,7,226000.0
4,747.0,1.0,747.0,747.0,1.0,1945.0,1950.0,4,80000.0
7,2287.0,2.0,1304.0,1304.0,2.0,1953.0,1953.0,7,225000.0
7,2223.0,2.0,2052.0,2155.125,2.0,1973.0,1973.0,8,244000.0
4,845.0,2.0,845.0,845.0,1.0,1982.0,2006.0,4,129500.0
7,1718.0,2.0,832.0,885.0,2.0,1998.0,1998.0,7,185000.0
5,1086.0,2.0,1086.0,1086.0,1.0,1954.0,2003.0,6,144900.0
3,1605.0,1.0,840.0,840.0,2.0,1915.0,1950.0,8,107400.0
4,988.0,1.0,462.0,526.0,1.0,1973.0,1973.0,5,91000.0
4,952.0,1.0,952.0,952.0,1.0,1956.0,1956.0,4,135750.0
5,1285.0,1.0,672.0,1072.0,1.0,1948.0,2001.0,6,127000.0
4,1768.0,0.0,1768.0,1768.0,2.0,1968.0,1968.0,8,136500.0
5,1230.0,2.0,440.0,682.0,1.0,1910.0,1981.0,5,110000.0
6,2142.0,1.0,896.0,1182.0,2.0,1968.0,1968.0,8,193500.0
6,1337.0,2.0,1237.0,1337.0,2.0,1998.0,1998.0,5,153500.0
8,1563.0,3.0,1563.0,1563.0,2.0,2007.0,2007.0,6,245000.0
5,1065.0,2.0,1065.0,1065.0,1.0,1960.0,1960.0,6,126500.0
7,1474.0,2.0,384.0,804.0,2.0,1995.0,1996.0,7,168500.0
8,2417.0,2.0,1288.0,1301.0,2.0,1991.0,1992.0,9,260000.0
6,1560.0,2.0,684.0,684.0,2.0,2005.0,2005.0,6,174000.0
6,1224.0,2.0,612.0,612.0,2.0,2009.0,2009.0,4,164500.0
3,1526.0,0.0,1013.0,1013.0,1.0,1915.0,1982.0,6,85000.0
4,990.0,0.0,990.0,990.0,1.0,1994.0,1995.0,5,123600.0
4,1040.0,2.0,42.0,1040.0,1.0,1950.0,1950.0,4,109900.0
5,1235.0,2.0,1235.0,1235.0,1.0,1961.0,1961.0,6,98600.0
5,964.0,2.0,876.0,964.0,1.0,1921.0,2006.0,5,163500.0
6,2291.0,2.0,1214.0,1260.0,2.0,1910.0,1998.0,9,133900.0
6,1786.0,2.0,824.0,905.0,2.0,1997.0,1997.0,7,204750.0
6,1470.0,2.0,680.0,680.0,2.0,1993.0,1993.0,6,185000.0
7,1588.0,2.0,1588.0,1588.0,2.0,1999.0,1999.0,6,214000.0
4,960.0,1.0,960.0,960.0,1.0,1965.0,1965.0,6,94750.0
5,835.0,1.0,458.0,835.0,1.0,1920.0,1950.0,5,83000.0
4,1225.0,0.0,950.0,1225.0,1.0,1959.0,1959.0,6,128950.0
6,1610.0,2.0,1610.0,1610.0,2.0,1977.0,2001.0,6,205000.0
6,1732.0,2.0,741.0,977.0,2.0,1985.0,1985.0,7,178000.0
5,1535.0,2.0,42.0,1535.0,2.0,1979.0,1979.0,8,118964.0
7,1226.0,3.0,1226.0,1226.0,2.0,2009.0,2009.0,6,198900.0
7,1818.0,1.0,1040.0,1226.0,1.0,1931.0,1950.0,7,169500.0
8,1992.0,2.0,1053.0,1053.0,2.0,2003.0,2004.0,9,250000.0
4,1047.0,1.0,641.0,1047.0,1.0,1885.0,1995.0,6,100000.0
5,789.0,1.0,789.0,789.0,1.0,1948.0,1950.0,5,115000.0
5,1517.0,0.0,793.0,997.0,2.0,1919.0,2005.0,7,115000.0
6,1844.0,2.0,1844.0,1844.0,2.0,1977.0,1977.0,7,190000.0
6,1855.0,1.0,994.0,1216.0,2.0,1954.0,1972.0,7,136900.0
7,1430.0,2.0,384.0,774.0,2.0,2000.0,2000.0,7,180000.0
7,2696.0,3.0,1264.0,1282.0,2.0,2007.0,2007.0,10,340037.5
6,2259.0,2.0,1809.0,2155.125,2.0,1953.0,1953.0,7,217000.0
6,2320.0,1.0,1028.0,1436.0,2.0,1945.0,2002.0,9,259500.0
6,1458.0,2.0,729.0,729.0,2.0,1999.0,1999.0,5,176000.0
5,1092.0,1.0,1092.0,1092.0,1.0,1962.0,1962.0,6,139000.0
5,1125.0,2.0,1125.0,1125.0,1.0,2006.0,2007.0,5,155000.0
7,2747.625,3.0,1673.0,1699.0,3.0,1990.0,1990.0,10,320000.0
6,1456.0,2.0,728.0,728.0,2.0,2005.0,2006.0,8,163990.0
6,988.0,2.0,938.0,988.0,1.0,1969.0,1969.0,4,180000.0
4,1123.0,1.0,732.0,772.0,1.0,1939.0,1950.0,4,100000.0
6,1080.0,1.0,1080.0,1080.0,1.0,1958.0,1958.0,5,136000.0
6,1199.0,2.0,1199.0,1199.0,2.0,1993.0,1993.0,5,153900.0
6,1586.0,2.0,1362.0,1586.0,2.0,1979.0,1998.0,7,181000.0
6,754.0,0.0,520.0,520.0,1.0,1935.0,1982.0,5,84500.0
6,958.0,2.0,1078.0,958.0,2.0,1976.0,1976.0,5,128000.0
5,840.0,0.0,672.0,840.0,1.0,1930.0,1950.0,5,87000.0
6,1348.0,2.0,660.0,660.0,1.0,1966.0,1966.0,6,155000.0
5,1053.0,2.0,1008.0,1053.0,1.0,1958.0,1991.0,6,150000.0
7,2157.0,2.0,924.0,1216.0,2.0,1966.0,1966.0,8,226000.0
6,2054.0,2.0,992.0,1022.0,2.0,2000.0,2000.0,7,244000.0
5,1327.0,2.0,1063.0,1327.0,1.0,1959.0,2002.0,7,150750.0
8,1296.0,2.0,1267.0,1296.0,2.0,2001.0,2002.0,6,220000.0
5,1721.0,2.0,1461.0,1721.0,2.0,1968.0,1993.0,7,180000.0
7,1682.0,2.0,1304.0,1682.0,2.0,1970.0,1970.0,7,174000.0
5,1214.0,1.0,1214.0,1214.0,2.0,1967.0,1967.0,5,143000.0
7,1959.0,3.0,1907.0,1959.0,3.0,1988.0,1989.0,9,171000.0
8,1852.0,3.0,1004.0,1004.0,2.0,1999.0,2000.0,7,230000.0
6,1764.0,2.0,928.0,928.0,2.0,1997.0,1997.0,7,231500.0
4,864.0,0.0,864.0,864.0,1.0,1971.0,1971.0,5,115000.0
7,1734.0,2.0,1734.0,1734.0,2.0,2005.0,2005.0,7,260000.0
5,1385.0,2.0,910.0,910.0,2.0,1952.0,1952.0,6,166000.0
7,1501.0,2.0,1490.0,1501.0,2.0,1999.0,1999.0,6,204000.0
5,1728.0,2.0,1728.0,1728.0,2.0,1963.0,1963.0,10,125000.0
6,1709.0,2.0,970.0,970.0,2.0,2004.0,2006.0,7,130000.0
5,875.0,1.0,715.0,875.0,1.0,1931.0,1993.0,5,105000.0
7,2035.0,2.0,884.0,884.0,2.0,2001.0,2001.0,8,222500.0
7,1080.0,0.0,1080.0,1080.0,1.0,2004.0,2005.0,6,141000.0
5,1344.0,1.0,896.0,896.0,1.0,1936.0,1950.0,7,115000.0
5,969.0,2.0,969.0,969.0,1.0,1975.0,1975.0,5,122000.0
8,1710.0,3.0,1710.0,1710.0,2.0,2007.0,2008.0,6,340037.5
6,1993.0,2.0,825.0,1097.0,2.0,1971.0,1971.0,8,190000.0
6,1252.0,2.0,1602.0,1252.0,1.0,1960.0,1975.0,4,235000.0
6,1200.0,1.0,1200.0,1200.0,1.0,1923.0,1950.0,7,125000.0
6,1096.0,0.0,572.0,572.0,1.0,1924.0,1950.0,5,79000.0
5,1040.0,2.0,42.0,1040.0,1.0,1950.0,1950.0,5,109500.0
8,1968.0,3.0,774.0,774.0,2.0,2009.0,2010.0,8,269500.0
7,1947.0,2.0,991.0,991.0,2.0,2004.0,2005.0,8,254900.0
7,2462.0,2.0,1392.0,1392.0,2.0,2005.0,2006.0,9,320000.0
6,1232.0,2.0,1232.0,1232.0,2.0,1984.0,1984.0,6,162500.0
9,2668.0,3.0,1572.0,1572.0,2.0,2003.0,2004.0,10,340037.5
7,1541.0,2.0,1541.0,1541.0,2.0,2005.0,2005.0,7,220000.0
4,882.0,0.0,882.0,882.0,1.0,1956.0,1956.0,4,103200.0
6,1616.0,1.0,1149.0,1149.0,2.0,1926.0,2004.0,5,152000.0
5,1355.0,0.0,644.0,808.0,2.0,1940.0,1999.0,6,127500.0
5,1867.0,1.0,1617.0,1867.0,1.0,1955.0,1993.0,7,190000.0
8,2161.0,3.0,1582.0,1610.0,1.0,2007.0,2007.0,8,325624.0
7,1720.0,2.0,840.0,840.0,2.0,2004.0,2004.0,7,183500.0
8,1707.0,2.0,1686.0,1707.0,2.0,1981.0,1981.0,6,228000.0
5,1382.0,2.0,720.0,854.0,1.0,1941.0,1950.0,7,128500.0
6,1656.0,2.0,1080.0,1656.0,1.0,1960.0,1960.0,7,215000.0
7,1767.0,2.0,1064.0,1064.0,2.0,1987.0,1987.0,5,239000.0
6,1362.0,2.0,1362.0,1362.0,1.0,1961.0,1961.0,6,163000.0
6,1651.0,2.0,1606.0,1651.0,2.0,1986.0,1986.0,7,184000.0
6,2158.0,2.0,1202.0,2155.125,2.0,1950.0,2001.0,7,243000.0
6,2060.0,2.0,1151.0,1164.0,2.0,1988.0,1989.0,8,211000.0
5,1920.0,2.0,1052.0,1252.0,2.0,1958.0,1958.0,8,172500.0
9,2234.0,3.0,2052.0,2155.125,2.0,2008.0,2009.0,9,340037.5
5,968.0,2.0,968.0,968.0,1.0,1923.0,2006.0,5,100000.0
6,1525.0,2.0,756.0,769.0,2.0,2000.0,2000.0,5,177000.0
7,1802.0,1.0,793.0,901.0,1.0,1920.0,1950.0,9,200100.0
5,1340.0,1.0,42.0,1340.0,1.0,1957.0,2006.0,7,120000.0
7,2082.0,2.0,1362.0,1362.0,2.0,2003.0,2003.0,6,200000.0
5,1252.0,2.0,504.0,936.0,1.0,1908.0,1991.0,5,127000.0
10,2747.625,3.0,1107.0,1518.0,2.0,1892.0,1993.0,10,340037.5
7,1217.0,2.0,1188.0,1217.0,2.0,1990.0,1991.0,6,173000.0
5,1656.0,1.0,660.0,808.0,2.0,1916.0,1987.0,8,135000.0
5,1224.0,2.0,1086.0,1224.0,0.0,1979.0,1979.0,6,153337.0
8,1593.0,2.0,1593.0,1593.0,1.0,2001.0,2002.0,5,286000.0
8,2727.0,2.0,853.0,1549.0,2.0,1932.0,1994.0,10,315000.0
7,1479.0,2.0,725.0,725.0,1.0,1972.0,2004.0,7,184000.0
7,1431.0,2.0,1431.0,1431.0,2.0,1999.0,1999.0,6,192000.0
7,1709.0,2.0,970.0,970.0,2.0,2004.0,2004.0,7,130000.0
5,864.0,1.0,864.0,864.0,1.0,1972.0,1972.0,5,127000.0
6,1456.0,2.0,855.0,855.0,2.0,1976.0,1976.0,7,148500.0
7,1726.0,3.0,1726.0,1726.0,2.0,2007.0,2007.0,8,311872.0
8,2747.625,2.0,1360.0,1360.0,2.0,1918.0,1990.0,8,235000.0
6,2229.0,0.0,755.0,929.0,1.0,1912.0,1950.0,8,104000.0
8,1713.0,3.0,1713.0,1713.0,2.0,2004.0,2005.0,7,274900.0
4,1121.0,2.0,1121.0,1121.0,2.0,2003.0,2004.0,5,140000.0
6,1279.0,2.0,1196.0,1279.0,2.0,1977.0,1977.0,6,171500.0
6,1310.0,1.0,617.0,865.0,2.0,1924.0,1950.0,6,112000.0
6,848.0,2.0,848.0,848.0,1.0,2004.0,2004.0,3,149000.0
5,1284.0,1.0,720.0,720.0,1.0,1947.0,1950.0,5,110000.0
7,1442.0,2.0,1424.0,1442.0,2.0,1990.0,1990.0,5,180500.0
5,1696.0,1.0,1140.0,1696.0,1.0,1962.0,1962.0,8,143900.0
4,1100.0,1.0,1100.0,1100.0,1.0,1960.0,1960.0,6,141000.0
7,2062.0,2.0,1157.0,1180.0,2.0,1988.0,1989.0,7,277000.0
6,1092.0,2.0,1092.0,1092.0,1.0,1964.0,1964.0,6,145000.0
5,864.0,0.0,864.0,864.0,1.0,1925.0,1950.0,5,98000.0
6,1212.0,2.0,1212.0,1212.0,2.0,2009.0,2009.0,6,186000.0
7,1852.0,2.0,900.0,932.0,2.0,2009.0,2009.0,7,252678.0
5,990.0,2.0,990.0,990.0,1.0,1995.0,1995.0,5,156000.0
6,1392.0,1.0,689.0,689.0,1.0,1977.0,1977.0,6,161750.0
5,1236.0,1.0,1070.0,1236.0,1.0,1957.0,1996.0,6,134450.0
7,1436.0,2.0,1436.0,1436.0,2.0,2004.0,2004.0,8,210000.0
4,1328.0,1.0,686.0,810.0,1.0,1925.0,1950.0,8,107000.0
7,1954.0,2.0,798.0,1137.0,1.0,1939.0,2006.0,8,311500.0
7,1248.0,2.0,1248.0,1248.0,2.0,2005.0,2006.0,5,167240.0
7,1498.0,2.0,1498.0,1498.0,2.0,2006.0,2006.0,5,204900.0
6,2267.0,2.0,1010.0,1010.0,2.0,2002.0,2002.0,8,200000.0
6,1552.0,2.0,713.0,811.0,2.0,1975.0,1975.0,6,179900.0
4,864.0,2.0,864.0,864.0,1.0,1971.0,1971.0,4,97000.0
10,2392.0,3.0,2052.0,2155.125,2.0,2003.0,2003.0,8,340037.5
5,1302.0,1.0,630.0,630.0,2.0,1971.0,1971.0,6,112000.0
7,2520.0,3.0,1203.0,1214.0,2.0,1995.0,1995.0,9,290000.0
6,987.0,1.0,483.0,483.0,1.0,1970.0,1970.0,5,106000.0
5,912.0,1.0,912.0,912.0,1.0,1967.0,1967.0,5,125000.0
7,1555.0,2.0,1373.0,1555.0,2.0,2005.0,2006.0,7,192500.0
6,1194.0,1.0,1194.0,1194.0,1.0,1959.0,1959.0,6,148000.0
8,2747.625,3.0,1462.0,1490.0,2.0,1995.0,1996.0,9,340037.5
6,987.0,1.0,483.0,483.0,1.0,1972.0,1972.0,5,94500.0
5,894.0,1.0,894.0,894.0,1.0,1976.0,1976.0,5,128200.0
6,1960.0,2.0,860.0,860.0,2.0,2002.0,2002.0,8,216500.0
6,987.0,1.0,483.0,483.0,1.0,1971.0,1971.0,5,89500.0
7,1414.0,2.0,1414.0,1414.0,2.0,2004.0,2004.0,6,185500.0
7,1744.0,2.0,996.0,1014.0,2.0,1993.0,2003.0,7,194500.0
8,1694.0,3.0,1694.0,1694.0,2.0,2007.0,2007.0,7,318000.0
6,1487.0,1.0,735.0,798.0,1.0,1945.0,1950.0,7,113000.0
8,1566.0,2.0,1566.0,1566.0,2.0,2008.0,2008.0,7,262500.0
5,866.0,0.0,686.0,866.0,1.0,1945.0,1997.0,4,110500.0
5,1440.0,1.0,540.0,889.0,1.0,1900.0,1950.0,6,79000.0
6,1217.0,1.0,626.0,626.0,1.0,1980.0,1980.0,6,120000.0
7,2110.0,2.0,948.0,1222.0,2.0,1994.0,2002.0,8,205000.0
7,1872.0,2.0,1845.0,1872.0,2.0,1988.0,1988.0,6,241500.0
6,1928.0,1.0,1020.0,908.0,2.0,1910.0,1950.0,9,137000.0
6,1375.0,2.0,1367.0,1375.0,1.0,1954.0,1954.0,5,140000.0
7,1668.0,2.0,840.0,840.0,2.0,2003.0,2003.0,8,180000.0
6,2144.0,2.0,1444.0,1444.0,2.0,1958.0,2006.0,7,277000.0
3,1306.0,0.0,728.0,1306.0,1.0,1940.0,1966.0,6,76500.0
8,1625.0,2.0,1573.0,1625.0,2.0,2006.0,2007.0,5,235000.0
6,1640.0,2.0,798.0,798.0,2.0,2004.0,2004.0,6,173000.0
6,1302.0,1.0,1302.0,1302.0,2.0,1964.0,1991.0,7,158000.0
5,1314.0,1.0,1314.0,1314.0,1.0,1957.0,1957.0,5,145000.0
7,2291.0,2.0,975.0,1005.0,2.0,1999.0,1999.0,8,230000.0
6,1728.0,2.0,864.0,864.0,2.0,2003.0,2003.0,7,207500.0
7,1604.0,2.0,1604.0,1604.0,2.0,2006.0,2006.0,8,220000.0
7,1792.0,2.0,963.0,963.0,2.0,2001.0,2001.0,7,231500.0
5,882.0,1.0,42.0,882.0,1.0,1956.0,1956.0,4,97000.0
6,1382.0,2.0,1362.0,1382.0,1.0,1962.0,1962.0,6,176000.0
8,2574.0,3.0,1482.0,1482.0,2.0,2007.0,2007.0,10,276000.0
6,1212.0,2.0,506.0,1212.0,1.0,1977.0,1995.0,6,151000.0
5,1316.0,2.0,926.0,926.0,1.0,1929.0,2001.0,6,130000.0
5,764.0,2.0,680.0,764.0,1.0,1925.0,2004.0,4,73000.0
6,1422.0,2.0,1422.0,1422.0,2.0,1981.0,1981.0,7,175500.0
6,1511.0,2.0,802.0,802.0,2.0,1997.0,1997.0,8,185000.0
5,2192.0,1.0,720.0,1052.0,2.0,1939.0,1997.0,8,179500.0
5,778.0,1.0,740.0,778.0,1.0,1940.0,1955.0,4,120500.0
6,1113.0,1.0,1143.0,1113.0,1.0,1976.0,1976.0,6,148000.0
8,1939.0,3.0,1095.0,1095.0,2.0,2006.0,2006.0,8,266000.0
7,1363.0,2.0,1385.0,1363.0,1.0,1954.0,2005.0,5,241500.0
8,2270.0,3.0,1152.0,1164.0,2.0,1999.0,2007.0,9,290000.0
6,1632.0,1.0,1240.0,1632.0,2.0,1958.0,1988.0,6,139000.0
5,816.0,1.0,816.0,816.0,1.0,1982.0,1982.0,5,124500.0
7,1548.0,2.0,952.0,952.0,2.0,1925.0,2007.0,5,205000.0
7,1560.0,2.0,1560.0,1560.0,2.0,2003.0,2003.0,7,201000.0
4,864.0,2.0,864.0,864.0,1.0,1951.0,1951.0,4,141000.0
9,2121.0,3.0,2052.0,2121.0,2.0,2006.0,2007.0,8,340037.5
7,2022.0,2.0,1160.0,1156.0,2.0,1977.0,1977.0,8,192000.0
7,1982.0,2.0,807.0,1175.0,2.0,1989.0,1989.0,7,228500.0
6,1262.0,2.0,1262.0,1262.0,2.0,2006.0,2006.0,5,185000.0
7,1314.0,2.0,1314.0,1314.0,2.0,2007.0,2008.0,6,207500.0
8,1468.0,3.0,1468.0,1468.0,2.0,2008.0,2009.0,6,244600.0
6,1575.0,2.0,1575.0,1575.0,2.0,1992.0,1992.0,5,179200.0
7,1250.0,2.0,625.0,625.0,2.0,2006.0,2007.0,5,164700.0
6,1734.0,2.0,912.0,1085.0,1.0,1962.0,1981.0,7,159000.0
4,858.0,0.0,858.0,858.0,1.0,1971.0,1971.0,5,88000.0
5,900.0,1.0,882.0,900.0,1.0,1967.0,1967.0,5,122000.0
6,1396.0,1.0,698.0,698.0,1.0,1915.0,2003.0,7,153575.0
8,1919.0,2.0,1079.0,1079.0,2.0,2006.0,2006.0,8,233230.0
5,1716.0,0.0,780.0,936.0,2.0,1912.0,2000.0,9,135900.0
5,1716.0,1.0,768.0,1148.0,1.0,1949.0,2008.0,8,131000.0
7,2263.0,2.0,795.0,1468.0,2.0,1977.0,1994.0,9,235000.0
6,1644.0,2.0,1416.0,1644.0,1.0,1953.0,1953.0,7,167000.0
6,1003.0,2.0,1003.0,1003.0,1.0,1984.0,1984.0,6,142500.0
5,1558.0,1.0,910.0,910.0,1.0,1950.0,1950.0,6,152000.0
7,1950.0,2.0,975.0,975.0,2.0,1997.0,1998.0,7,239000.0
6,1743.0,2.0,702.0,1041.0,1.0,1968.0,1968.0,7,175000.0
6,1152.0,1.0,1092.0,1152.0,1.0,1950.0,2004.0,6,158500.0
5,1336.0,1.0,1165.0,1336.0,1.0,1953.0,1953.0,5,157000.0
8,2452.0,2.0,1028.0,1210.0,2.0,1998.0,1999.0,9,267000.0
7,1541.0,3.0,1541.0,1541.0,2.0,2001.0,2002.0,6,205000.0
5,894.0,2.0,894.0,894.0,1.0,1972.0,1972.0,5,149900.0
7,2747.625,3.0,1470.0,1675.0,3.0,1885.0,2002.0,10,295000.0
8,2000.0,3.0,2000.0,2000.0,2.0,2004.0,2005.0,8,305900.0
7,2243.0,3.0,700.0,1122.0,2.0,1990.0,1991.0,8,225000.0
6,1406.0,0.0,319.0,1035.0,1.0,1920.0,1950.0,6,89500.0
4,861.0,2.0,861.0,861.0,1.0,1940.0,1950.0,4,82500.0
9,1944.0,3.0,1896.0,1944.0,2.0,2003.0,2004.0,8,340037.5
6,1501.0,2.0,697.0,697.0,2.0,1993.0,1994.0,6,165600.0
6,972.0,1.0,972.0,972.0,1.0,1948.0,2002.0,5,132000.0
5,1118.0,2.0,793.0,793.0,1.0,1939.0,1950.0,5,119900.0
7,2036.0,2.0,2052.0,2036.0,2.0,1965.0,1965.0,8,340037.5
7,1641.0,2.0,728.0,832.0,1.0,1925.0,1990.0,6,178000.0
7,1432.0,2.0,716.0,716.0,2.0,2004.0,2005.0,6,188500.0
7,2353.0,2.0,845.0,1153.0,2.0,1980.0,1980.0,10,260000.0
8,1959.0,3.0,1088.0,1088.0,2.0,2006.0,2006.0,8,270000.0
7,2646.0,3.0,1347.0,1372.0,2.0,1993.0,1993.0,9,260000.0
7,1472.0,2.0,1372.0,1472.0,2.0,1980.0,1980.0,6,187500.0
9,2596.0,3.0,1249.0,1249.0,3.0,2006.0,2006.0,9,340037.5
8,2468.0,3.0,1136.0,1136.0,2.0,2004.0,2004.0,10,340037.5
7,2730.0,2.0,1502.0,1553.0,2.0,1986.0,1987.0,8,301000.0
3,1163.0,1.0,1162.0,1163.0,1.0,1955.0,2005.0,6,126175.0
7,2747.625,2.0,710.0,1898.0,2.0,1967.0,2007.0,10,242000.0
5,803.0,2.0,720.0,803.0,1.0,1941.0,1950.0,5,87000.0
8,1719.0,2.0,1719.0,1719.0,1.0,1993.0,1993.0,6,324000.0
6,1383.0,1.0,1383.0,1383.0,1.0,1960.0,1960.0,7,145250.0
6,2134.0,2.0,844.0,1445.0,2.0,1916.0,1994.0,10,214500.0
5,1192.0,1.0,596.0,596.0,1.0,1920.0,1950.0,6,78000.0
5,1728.0,1.0,1728.0,1728.0,2.0,1964.0,1964.0,10,119000.0
5,1056.0,1.0,1056.0,1056.0,1.0,1958.0,1992.0,6,139000.0
8,1629.0,3.0,2052.0,1629.0,2.0,2003.0,2004.0,7,284000.0
7,1358.0,2.0,1358.0,1358.0,2.0,2004.0,2004.0,6,207000.0
6,1638.0,2.0,943.0,943.0,2.0,1998.0,1998.0,7,192000.0
5,1786.0,2.0,1499.0,1619.0,2.0,1965.0,1965.0,7,228950.0
9,1922.0,3.0,1922.0,1922.0,2.0,2005.0,2006.0,8,340037.5
7,1536.0,2.0,1536.0,1536.0,2.0,2002.0,2003.0,7,214000.0
7,1621.0,2.0,1208.0,1621.0,2.0,1984.0,1998.0,8,202500.0
6,1215.0,1.0,1215.0,1215.0,1.0,1958.0,1998.0,6,155000.0
8,1908.0,2.0,967.0,993.0,2.0,2002.0,2002.0,9,202900.0
4,841.0,1.0,721.0,841.0,1.0,1950.0,1950.0,4,82000.0
3,1040.0,2.0,42.0,1040.0,2.0,1949.0,1950.0,6,87500.0
9,1684.0,2.0,1684.0,1684.0,2.0,2005.0,2005.0,6,266000.0
5,1112.0,1.0,536.0,536.0,1.0,1976.0,1976.0,4,85000.0
6,1577.0,1.0,972.0,972.0,1.0,1939.0,1950.0,6,140200.0
6,958.0,1.0,958.0,958.0,1.0,1960.0,1998.0,5,151500.0
6,1478.0,2.0,1478.0,1478.0,2.0,1960.0,1960.0,6,157500.0
7,1626.0,2.0,764.0,764.0,2.0,2003.0,2004.0,6,154000.0
9,2728.0,3.0,1848.0,1848.0,2.0,2005.0,2006.0,10,340037.5
9,1869.0,2.0,1869.0,1869.0,2.0,2007.0,2007.0,6,318061.0
7,1453.0,2.0,1453.0,1453.0,1.0,1986.0,1986.0,6,190000.0
5,1111.0,1.0,616.0,616.0,1.0,1941.0,1950.0,5,95000.0
6,720.0,2.0,624.0,720.0,1.0,1928.0,2003.0,5,105900.0
6,1595.0,1.0,940.0,1192.0,1.0,1940.0,2000.0,6,140000.0
6,1200.0,2.0,1200.0,1200.0,2.0,1995.0,1995.0,6,177500.0
6,1167.0,2.0,1158.0,1167.0,2.0,1992.0,1992.0,6,173000.0
5,1142.0,2.0,1142.0,1142.0,1.0,1976.0,1976.0,6,134000.0
5,1352.0,1.0,1062.0,1352.0,1.0,1958.0,1958.0,6,130000.0
8,1924.0,2.0,1086.0,1086.0,2.0,1998.0,1998.0,7,280000.0
6,912.0,2.0,888.0,912.0,1.0,1978.0,1978.0,5,156000.0
5,1505.0,1.0,883.0,988.0,1.0,1940.0,1982.0,8,145000.0
7,1922.0,2.0,42.0,495.0,3.0,2003.0,2003.0,7,198500.0
6,987.0,1.0,483.0,483.0,1.0,1972.0,2007.0,5,118000.0
6,1574.0,2.0,796.0,790.0,2.0,1976.0,1976.0,6,190000.0
5,1344.0,1.0,672.0,672.0,1.0,1920.0,1997.0,6,147000.0
6,1394.0,2.0,1394.0,1394.0,1.0,1963.0,1963.0,6,159000.0
6,1431.0,1.0,1099.0,1431.0,1.0,1962.0,1962.0,6,165000.0
5,1268.0,1.0,1268.0,1268.0,1.0,1954.0,1954.0,7,132000.0
5,1287.0,2.0,1063.0,1287.0,1.0,1959.0,2006.0,7,162000.0
6,1664.0,2.0,953.0,953.0,2.0,2000.0,2000.0,7,172400.0
4,1588.0,2.0,42.0,1120.0,2.0,1959.0,1959.0,7,134432.0
6,752.0,1.0,744.0,752.0,1.0,1984.0,1984.0,4,125000.0
5,1319.0,1.0,608.0,1319.0,1.0,1953.0,1953.0,5,123000.0
7,1928.0,2.0,847.0,847.0,2.0,2003.0,2004.0,8,219500.0
2,904.0,0.0,683.0,904.0,0.0,1922.0,1950.0,4,61000.0
5,914.0,2.0,870.0,914.0,1.0,1996.0,1996.0,5,148000.0
8,2466.0,2.0,1580.0,1580.0,3.0,2004.0,2005.0,8,340000.0
9,1856.0,3.0,1856.0,1856.0,1.0,2010.0,2010.0,8,340037.5
6,1800.0,2.0,982.0,1007.0,2.0,2000.0,2000.0,7,179000.0
5,1691.0,1.0,1026.0,1026.0,2.0,1924.0,1950.0,6,127000.0
7,1301.0,2.0,1293.0,1301.0,2.0,2006.0,2006.0,5,187750.0
7,1797.0,2.0,939.0,939.0,2.0,2006.0,2006.0,8,213500.0
6,784.0,2.0,784.0,784.0,1.0,1928.0,1950.0,5,76000.0
6,1953.0,2.0,1580.0,1079.0,2.0,1992.0,1992.0,9,240000.0
8,1269.0,2.0,1256.0,1269.0,2.0,2004.0,2005.0,6,192000.0
5,1184.0,0.0,658.0,658.0,1.0,1910.0,1996.0,8,81000.0
6,1125.0,1.0,1041.0,1125.0,1.0,1976.0,1976.0,6,125000.0
7,1479.0,2.0,1468.0,1479.0,2.0,1999.0,2000.0,6,191000.0
10,2332.0,3.0,1682.0,1742.0,2.0,2007.0,2008.0,9,340037.5
5,1367.0,1.0,861.0,961.0,1.0,1900.0,1950.0,7,119000.0
6,1961.0,2.0,804.0,804.0,2.0,2001.0,2002.0,7,215000.0
5,882.0,1.0,42.0,882.0,1.0,1959.0,1959.0,5,106500.0
4,788.0,0.0,788.0,788.0,1.0,1941.0,1950.0,4,100000.0
5,1034.0,1.0,735.0,735.0,1.0,1940.0,1950.0,5,109000.0
5,1144.0,1.0,1144.0,1144.0,1.0,1956.0,1956.0,6,129000.0
5,894.0,2.0,894.0,894.0,1.0,1972.0,1972.0,6,123000.0
5,1812.0,1.0,864.0,876.0,2.0,1962.0,1962.0,8,169500.0
5,1077.0,1.0,961.0,1077.0,1.0,1920.0,1950.0,6,67000.0
7,1550.0,2.0,1092.0,1112.0,2.0,2006.0,2007.0,7,241000.0
8,1288.0,2.0,1260.0,1288.0,1.0,1996.0,1996.0,4,245500.0
7,1310.0,2.0,1310.0,1310.0,2.0,2005.0,2005.0,6,164990.0
5,672.0,1.0,672.0,672.0,1.0,1940.0,1997.0,4,108000.0
8,2263.0,2.0,1141.0,1165.0,2.0,1998.0,1998.0,10,258000.0
6,1572.0,2.0,806.0,806.0,2.0,1995.0,1996.0,7,168000.0
4,1620.0,2.0,1281.0,1620.0,2.0,1976.0,1993.0,8,150000.0
6,1639.0,1.0,1064.0,1166.0,1.0,1936.0,1950.0,6,115000.0
6,1680.0,1.0,840.0,840.0,2.0,1915.0,1976.0,8,177000.0
7,2172.0,3.0,1063.0,1071.0,2.0,2006.0,2006.0,9,280000.0
8,2078.0,3.0,1034.0,1050.0,2.0,2007.0,2008.0,8,339750.0
5,1276.0,1.0,1276.0,1276.0,1.0,1958.0,1958.0,5,60000.0
5,1056.0,2.0,1056.0,1056.0,1.0,1955.0,1955.0,5,145000.0
7,1478.0,2.0,1470.0,1478.0,2.0,2009.0,2009.0,7,222000.0
5,1028.0,2.0,1008.0,1028.0,1.0,1927.0,1950.0,5,115000.0
7,2097.0,3.0,1080.0,1080.0,2.0,1993.0,1993.0,9,228000.0
7,1340.0,2.0,1340.0,1340.0,2.0,2007.0,2007.0,6,181134.0
6,1400.0,2.0,672.0,672.0,1.0,1978.0,1978.0,6,149500.0
6,2624.0,3.0,1370.0,1370.0,2.0,1918.0,1950.0,10,239000.0
5,1134.0,1.0,756.0,756.0,1.0,1940.0,1950.0,7,126000.0
5,1056.0,1.0,1056.0,1056.0,1.0,1968.0,1968.0,6,142000.0
7,1344.0,3.5,1344.0,1344.0,2.0,1997.0,1998.0,8,206300.0
6,1602.0,2.0,1602.0,1602.0,2.0,1977.0,2000.0,8,215000.0
5,988.0,2.0,988.0,988.0,1.0,1954.0,1954.0,4,113000.0
8,2630.0,3.0,1470.0,1470.0,2.0,1998.0,1998.0,8,315000.0
6,1196.0,1.0,1196.0,1196.0,1.0,1956.0,1956.0,6,139000.0
7,1389.0,1.0,651.0,707.0,1.0,1946.0,1992.0,6,135000.0
7,1644.0,2.0,1518.0,1644.0,2.0,1989.0,1989.0,5,275000.0
4,907.0,1.0,907.0,907.0,1.0,1957.0,1957.0,5,109008.0
7,1208.0,2.0,1208.0,1208.0,2.0,2007.0,2007.0,6,195400.0
6,1412.0,2.0,1392.0,1412.0,2.0,1988.0,1988.0,6,175000.0
6,987.0,1.0,483.0,483.0,1.0,1971.0,1971.0,4,85400.0
6,1198.0,0.0,901.0,1088.0,1.0,1920.0,1998.0,7,79900.0
5,1365.0,2.0,765.0,765.0,1.0,1971.0,1971.0,6,122500.0
6,1604.0,2.0,926.0,926.0,2.0,1997.0,1998.0,7,181000.0
4,630.0,0.0,630.0,630.0,1.0,1972.0,1972.0,3,81000.0
7,1661.0,2.0,799.0,827.0,2.0,1996.0,1996.0,6,212000.0
6,1118.0,2.0,648.0,734.0,1.0,1920.0,1950.0,6,116000.0
6,904.0,1.0,884.0,904.0,1.0,1926.0,2004.0,4,119000.0
5,694.0,1.0,440.0,694.0,1.0,1913.0,2002.0,4,90350.0
6,1196.0,2.0,684.0,684.0,1.0,1920.0,2000.0,7,110000.0
10,2402.0,3.0,2052.0,2155.125,2.0,2008.0,2008.0,10,340037.5
4,1440.0,0.0,1440.0,1440.0,2.0,1955.0,1955.0,8,118000.0
5,1573.0,2.0,1078.0,1128.0,2.0,1930.0,1992.0,8,162900.0
7,1258.0,3.0,1258.0,1258.0,2.0,2006.0,2007.0,6,172500.0
7,1908.0,2.0,915.0,933.0,2.0,1994.0,1995.0,8,210000.0
6,1689.0,2.0,1436.0,1689.0,1.0,1956.0,1956.0,7,127500.0
6,1888.0,2.0,1517.0,1888.0,2.0,1966.0,2002.0,6,190000.0
7,1886.0,2.0,930.0,956.0,2.0,1998.0,1999.0,10,199900.0
6,1376.0,1.0,780.0,780.0,2.0,1937.0,1950.0,7,119500.0
3,1183.0,1.0,649.0,679.0,1.0,1948.0,2002.0,6,120000.0
6,813.0,1.0,813.0,813.0,1.0,1930.0,2005.0,5,110000.0
7,1533.0,2.0,1533.0,1533.0,2.0,1975.0,1975.0,5,280000.0
6,1756.0,2.0,872.0,888.0,2.0,1996.0,1997.0,7,204000.0
8,1590.0,2.0,768.0,786.0,2.0,2008.0,2008.0,6,210000.0
5,1728.0,2.0,1728.0,1728.0,2.0,1976.0,1976.0,8,188000.0
7,1242.0,2.0,1242.0,1242.0,1.0,1973.0,1973.0,6,175500.0
5,1344.0,3.0,624.0,624.0,1.0,1916.0,1950.0,7,98000.0
4,1663.0,2.0,1364.0,1663.0,1.0,1954.0,1994.0,6,256000.0
8,1666.0,1.0,588.0,833.0,1.0,1925.0,1996.0,7,161000.0
5,1203.0,1.0,709.0,979.0,1.0,1950.0,1950.0,5,110000.0
8,1935.0,2.0,832.0,832.0,2.0,2009.0,2009.0,8,263435.0
7,1135.0,2.0,560.0,575.0,1.0,1936.0,2007.0,6,155000.0
5,864.0,1.0,864.0,864.0,1.0,1965.0,1965.0,5,62383.0
6,1660.0,1.0,715.0,849.0,1.0,1934.0,1995.0,6,188700.0
5,1040.0,0.0,1040.0,1040.0,2.0,1978.0,1978.0,5,124000.0
7,1414.0,2.0,1375.0,1414.0,2.0,2004.0,2004.0,6,178740.0
7,1277.0,2.0,1277.0,1277.0,1.0,1970.0,1970.0,5,167000.0
5,1644.0,1.0,728.0,888.0,1.0,1942.0,1995.0,7,146500.0
8,1634.0,3.0,1626.0,1634.0,2.0,2006.0,2006.0,7,250000.0
6,1710.0,2.0,832.0,832.0,2.0,1993.0,1993.0,7,187000.0
8,1502.0,2.0,1488.0,1502.0,1.0,1985.0,1985.0,4,212000.0
7,1969.0,2.0,808.0,1161.0,2.0,1977.0,1977.0,8,190000.0
6,1072.0,2.0,547.0,1072.0,1.0,2005.0,2005.0,5,148000.0
8,1976.0,3.0,1976.0,1976.0,2.0,2006.0,2007.0,7,340037.5
8,1652.0,2.0,1494.0,1652.0,2.0,2000.0,2000.0,6,251000.0
5,970.0,2.0,970.0,970.0,1.0,1963.0,1963.0,5,132500.0
6,1493.0,2.0,1478.0,1493.0,2.0,1997.0,1998.0,7,208900.0
9,2643.0,3.0,2052.0,2069.0,2.0,2006.0,2006.0,9,340037.5
8,1718.0,3.0,1705.0,1718.0,2.0,2007.0,2008.0,7,297000.0
4,1131.0,2.0,907.0,1131.0,1.0,1937.0,2000.0,7,89471.0
9,1850.0,3.0,1833.0,1850.0,2.0,2004.0,2005.0,8,326000.0
9,1792.0,3.0,1792.0,1792.0,2.0,2003.0,2004.0,6,340037.5
7,1826.0,1.0,910.0,916.0,1.0,1915.0,2005.0,7,155000.0
6,1216.0,2.0,1216.0,1216.0,2.0,1998.0,1998.0,5,164000.0
5,999.0,1.0,999.0,999.0,1.0,1962.0,2001.0,6,132500.0
5,1113.0,1.0,1113.0,1113.0,1.0,1950.0,2007.0,5,147000.0
5,1073.0,2.0,1073.0,1073.0,1.0,1965.0,1965.0,6,156000.0
5,1484.0,2.0,1484.0,1484.0,2.0,1971.0,1971.0,7,175000.0
5,2414.0,2.0,954.0,1766.0,2.0,1900.0,1970.0,10,160000.0
4,630.0,1.0,630.0,630.0,1.0,1970.0,2002.0,3,86000.0
5,1304.0,1.0,264.0,616.0,1.0,1976.0,1976.0,4,115000.0
6,1578.0,1.0,806.0,958.0,1.0,1941.0,1950.0,5,133000.0
6,1456.0,2.0,728.0,728.0,2.0,2006.0,2006.0,8,172785.0
5,1269.0,1.0,1269.0,1269.0,1.0,1960.0,1960.0,6,155000.0
5,886.0,1.0,190.0,886.0,1.0,1938.0,1996.0,4,91300.0
4,720.0,0.0,720.0,720.0,1.0,1920.0,1950.0,4,34900.0
8,2747.625,2.0,2052.0,2155.125,3.0,1992.0,1993.0,10,340037.5
7,1820.0,1.0,1026.0,1133.0,2.0,1925.0,1950.0,8,184000.0
5,899.0,1.0,864.0,899.0,1.0,1967.0,2004.0,5,130000.0
5,912.0,1.0,912.0,912.0,1.0,1958.0,1985.0,5,120000.0
6,1218.0,1.0,672.0,672.0,1.0,1973.0,1973.0,7,113000.0
7,1768.0,2.0,866.0,866.0,2.0,2005.0,2005.0,7,226700.0
5,1214.0,2.0,1214.0,1214.0,1.0,1965.0,1965.0,6,140000.0
7,1801.0,2.0,1501.0,1801.0,2.0,1959.0,1997.0,6,289000.0
6,1322.0,2.0,855.0,855.0,2.0,1974.0,1974.0,6,147000.0
5,1960.0,2.0,960.0,960.0,2.0,1952.0,1952.0,10,124500.0
8,1911.0,2.0,777.0,1065.0,2.0,1993.0,1994.0,8,215000.0
6,1218.0,2.0,1218.0,1218.0,2.0,2009.0,2009.0,4,208300.0
7,1378.0,2.0,689.0,689.0,2.0,1928.0,2005.0,7,161000.0
5,1041.0,1.0,1041.0,1041.0,1.0,1959.0,1959.0,6,124500.0
5,1363.0,1.0,1008.0,1363.0,1.0,1951.0,2000.0,6,164900.0
7,1368.0,2.0,1368.0,1368.0,2.0,2005.0,2006.0,6,202665.0
5,864.0,2.0,864.0,864.0,1.0,1958.0,1958.0,5,129900.0
6,1080.0,2.0,1084.0,1080.0,1.0,1983.0,1983.0,5,134000.0
5,789.0,1.0,768.0,789.0,1.0,1926.0,1950.0,5,96500.0
10,2020.0,3.0,2006.0,2020.0,2.0,2009.0,2009.0,9,340037.5
6,2119.0,2.0,689.0,1378.0,2.0,1972.0,1972.0,7,158000.0
7,2344.0,3.0,1264.0,1277.0,2.0,1996.0,1997.0,7,265000.0
6,1796.0,2.0,794.0,882.0,2.0,1998.0,1998.0,7,211000.0
7,2080.0,1.0,1276.0,1276.0,1.0,1926.0,2004.0,9,234000.0
4,1294.0,0.0,42.0,694.0,2.0,1900.0,2000.0,7,106250.0
6,1244.0,1.0,1244.0,1244.0,1.0,1957.0,1957.0,6,150000.0
6,1664.0,2.0,1004.0,1004.0,2.0,1947.0,1950.0,7,159000.0
10,2747.625,3.0,2052.0,2155.125,3.0,2007.0,2008.0,10,184750.0
7,2398.0,3.0,1379.0,1383.0,2.0,1996.0,1997.0,8,315750.0
7,1266.0,2.0,1257.0,1266.0,2.0,2005.0,2005.0,6,176000.0
5,928.0,1.0,928.0,928.0,1.0,1956.0,2000.0,4,132000.0
9,2713.0,3.0,1452.0,1476.0,2.0,2008.0,2008.0,10,340037.5
4,605.0,0.0,528.0,605.0,1.0,1920.0,2002.0,5,86000.0
6,2515.0,2.0,2035.0,2155.125,3.0,1957.0,1975.0,9,200624.0
6,1509.0,2.0,1461.0,1509.0,2.0,1988.0,1989.0,5,175000.0
6,1362.0,2.0,611.0,751.0,2.0,1920.0,1999.0,6,128000.0
5,827.0,1.0,42.0,827.0,1.0,1955.0,2007.0,5,107500.0
2,334.0,0.0,42.0,334.0,1.0,1946.0,1950.0,2,39300.0
8,1414.0,2.0,707.0,707.0,2.0,2004.0,2004.0,6,178000.0
5,1347.0,0.0,1117.0,820.0,1.0,1910.0,1991.0,5,107500.0
7,1724.0,2.0,880.0,880.0,2.0,1998.0,1999.0,8,188000.0
4,864.0,2.0,864.0,864.0,1.0,1972.0,1972.0,5,111250.0
5,1159.0,1.0,1051.0,1159.0,1.0,1968.0,1968.0,7,158000.0
8,1601.0,2.0,1581.0,1601.0,2.0,2001.0,2002.0,6,272000.0
9,1838.0,3.0,1838.0,1838.0,2.0,2006.0,2006.0,8,315000.0
8,2285.0,3.0,969.0,997.0,2.0,2000.0,2000.0,8,248000.0
7,1680.0,2.0,1650.0,1680.0,2.0,1998.0,1999.0,7,213250.0
7,767.0,1.0,723.0,767.0,1.0,1998.0,1998.0,4,133000.0
7,1496.0,2.0,654.0,664.0,2.0,2006.0,2006.0,7,179665.0
7,2183.0,3.0,1204.0,1377.0,2.0,1988.0,1988.0,9,229000.0
6,1635.0,2.0,1065.0,915.0,1.0,1923.0,1950.0,6,210000.0
5,768.0,2.0,768.0,768.0,1.0,1970.0,1970.0,5,129500.0
5,825.0,2.0,825.0,825.0,1.0,1955.0,1995.0,4,125000.0
7,2094.0,2.0,912.0,912.0,2.0,2003.0,2004.0,8,263000.0
6,1069.0,2.0,1069.0,1069.0,2.0,1977.0,1977.0,4,140000.0
5,928.0,1.0,928.0,928.0,1.0,1957.0,1957.0,5,112500.0
8,1717.0,3.0,1709.0,1717.0,2.0,2006.0,2006.0,7,255500.0
4,1126.0,2.0,42.0,1126.0,2.0,1949.0,2003.0,5,108000.0
7,2046.0,3.0,998.0,1006.0,2.0,2003.0,2004.0,8,284000.0
5,1048.0,1.0,993.0,1048.0,1.0,1922.0,1950.0,5,113000.0
5,1092.0,1.0,1092.0,1092.0,1.0,1957.0,1957.0,6,141000.0
4,1336.0,1.0,637.0,897.0,1.0,1920.0,1950.0,7,108000.0
7,1446.0,2.0,729.0,729.0,2.0,1996.0,1997.0,6,175000.0
7,1557.0,2.0,1374.0,1557.0,2.0,2003.0,2004.0,7,234000.0
5,1392.0,2.0,1392.0,1392.0,1.0,1957.0,1996.0,5,121500.0
5,1389.0,2.0,1389.0,1389.0,1.0,1974.0,1975.0,6,170000.0
5,996.0,0.0,996.0,996.0,1.0,1940.0,1969.0,6,108000.0
6,1674.0,2.0,1163.0,1163.0,2.0,1918.0,1950.0,8,185000.0
7,2295.0,2.0,1095.0,1166.0,2.0,1992.0,2000.0,9,268000.0
6,1647.0,1.0,806.0,841.0,1.0,1915.0,1950.0,6,128000.0
9,2504.0,3.0,1122.0,1134.0,2.0,2005.0,2007.0,10,325000.0
7,1535.0,2.0,1517.0,1535.0,2.0,2004.0,2004.0,7,214000.0
8,2132.0,2.0,1496.0,1496.0,1.0,1983.0,2009.0,5,316600.0
5,943.0,2.0,943.0,943.0,1.0,1979.0,1979.0,4,135960.0
5,1728.0,2.0,1728.0,1728.0,2.0,1965.0,1965.0,10,142600.0
6,864.0,1.0,864.0,864.0,1.0,1959.0,1959.0,4,120000.0
7,1692.0,2.0,846.0,846.0,2.0,2009.0,2009.0,6,224500.0
7,1430.0,2.0,384.0,774.0,2.0,2000.0,2000.0,8,170000.0
5,1109.0,1.0,372.0,576.0,1.0,1971.0,2005.0,5,139000.0
5,1216.0,1.0,832.0,832.0,1.0,1947.0,1950.0,6,118500.0
7,1477.0,1.0,861.0,877.0,2.0,1928.0,1950.0,6,145000.0
5,1320.0,2.0,1164.0,1320.0,1.0,1966.0,1966.0,6,164500.0
7,1392.0,2.0,689.0,703.0,2.0,2007.0,2007.0,5,146000.0
5,1795.0,1.0,1050.0,1050.0,2.0,1954.0,1954.0,7,131500.0
6,1429.0,2.0,1144.0,1429.0,1.0,1960.0,1987.0,7,181900.0
8,2042.0,3.0,2042.0,2042.0,2.0,2008.0,2009.0,8,253293.0
6,816.0,0.0,816.0,816.0,1.0,1990.0,1990.0,5,118500.0
10,2747.625,2.0,1237.0,1521.0,3.0,1893.0,2000.0,9,325000.0
4,1573.0,1.0,884.0,989.0,1.0,1935.0,1995.0,6,133000.0
8,2028.0,3.0,1868.0,2028.0,2.0,2005.0,2006.0,7,340037.5
6,838.0,1.0,816.0,838.0,1.0,1918.0,2000.0,5,130000.0
5,860.0,2.0,840.0,860.0,1.0,1982.0,1982.0,4,137000.0
5,1473.0,1.0,1437.0,1473.0,1.0,1968.0,2003.0,5,143000.0
5,935.0,1.0,742.0,779.0,1.0,1930.0,1960.0,4,79500.0
7,1582.0,2.0,770.0,770.0,2.0,2004.0,2004.0,6,185900.0
10,2296.0,3.0,1722.0,1728.0,2.0,2008.0,2008.0,10,340037.5
5,816.0,2.0,816.0,816.0,1.0,1982.0,2003.0,4,138000.0
6,848.0,2.0,848.0,848.0,1.0,2003.0,2003.0,4,140000.0
5,924.0,1.0,924.0,924.0,1.0,1975.0,1975.0,5,110000.0
8,1826.0,3.0,1814.0,1826.0,2.0,2005.0,2006.0,7,319000.0
6,1368.0,1.0,684.0,684.0,1.0,1910.0,1993.0,7,114504.0
7,1402.0,3.0,1258.0,1402.0,0.0,2006.0,2007.0,7,194201.0
5,1647.0,2.0,1430.0,1647.0,2.0,1977.0,1977.0,7,217500.0
6,1556.0,2.0,716.0,716.0,2.0,1980.0,1980.0,6,151000.0
8,1904.0,2.0,1058.0,1058.0,2.0,2005.0,2005.0,8,275000.0
6,1375.0,1.0,780.0,780.0,1.0,1937.0,1950.0,6,141000.0
8,1915.0,2.0,908.0,927.0,2.0,1992.0,1992.0,8,220000.0
7,1200.0,2.0,600.0,600.0,2.0,2004.0,2005.0,4,151000.0
7,1494.0,2.0,1494.0,1494.0,2.0,2002.0,2002.0,6,221000.0
7,1986.0,2.0,768.0,1186.0,2.0,1965.0,1990.0,7,205000.0
5,1040.0,2.0,1040.0,1040.0,1.0,1996.0,1996.0,6,152000.0
5,2008.0,1.0,896.0,1112.0,3.0,1948.0,2002.0,8,225000.0
8,2747.625,2.0,965.0,1940.0,2.0,1934.0,1998.0,10,340037.5
4,1029.0,1.0,1029.0,1029.0,1.0,1961.0,1961.0,5,118500.0
9,2153.0,3.0,1440.0,1476.0,2.0,2000.0,2000.0,8,313000.0
6,1032.0,2.0,1032.0,1032.0,2.0,1978.0,1978.0,6,148000.0
8,1872.0,2.0,1299.0,1299.0,2.0,2001.0,2001.0,7,261500.0
5,1120.0,0.0,1120.0,1120.0,1.0,2007.0,2007.0,6,147000.0
4,630.0,0.0,630.0,630.0,1.0,1972.0,1972.0,3,75500.0
6,1054.0,2.0,936.0,1054.0,1.0,1963.0,1963.0,6,137500.0
6,1509.0,2.0,783.0,807.0,2.0,2002.0,2003.0,7,183200.0
6,832.0,2.0,832.0,832.0,1.0,1954.0,1954.0,4,105500.0
9,1828.0,3.0,1822.0,1828.0,2.0,2007.0,2007.0,9,314813.0
8,2262.0,3.0,1482.0,1482.0,2.0,2003.0,2003.0,10,305000.0
3,864.0,0.0,864.0,864.0,1.0,1914.0,1950.0,5,67000.0
6,2614.0,2.0,1522.0,1548.0,2.0,1974.0,1997.0,9,240000.0
5,980.0,2.0,980.0,980.0,1.0,1977.0,1977.0,6,135000.0
6,1512.0,2.0,756.0,756.0,2.0,2000.0,2000.0,4,168500.0
6,1790.0,2.0,732.0,1012.0,1.0,1972.0,1972.0,8,165150.0
6,1116.0,2.0,1116.0,1116.0,1.0,1962.0,1962.0,5,160000.0
5,1422.0,1.0,978.0,1422.0,1.0,1960.0,1978.0,6,139900.0
6,1520.0,1.0,1156.0,1520.0,1.0,1955.0,1972.0,7,153000.0
5,2080.0,2.0,1040.0,1040.0,1.0,1969.0,1969.0,9,135000.0
6,1350.0,2.0,1248.0,1350.0,1.0,1964.0,1964.0,6,168500.0
5,1750.0,1.0,636.0,1089.0,1.0,1885.0,1991.0,8,124000.0
8,1554.0,2.0,1554.0,1554.0,2.0,2006.0,2006.0,6,209500.0
7,1411.0,2.0,1386.0,1411.0,2.0,1977.0,1977.0,6,82500.0
5,1056.0,1.0,1056.0,1056.0,1.0,1954.0,2005.0,6,139400.0
6,1056.0,2.0,1056.0,1056.0,0.0,1980.0,1980.0,4,144000.0
6,2747.625,0.0,1440.0,1440.0,2.0,1914.0,1995.0,10,200000.0
2,800.0,0.0,264.0,800.0,1.0,1936.0,1950.0,4,60000.0
5,1387.0,1.0,811.0,811.0,2.0,1954.0,1954.0,7,93000.0
5,796.0,0.0,796.0,796.0,1.0,1910.0,1950.0,4,85000.0
8,1567.0,3.0,1520.0,1567.0,2.0,2006.0,2006.0,7,264561.0
8,1518.0,2.0,1518.0,1518.0,1.0,2003.0,2004.0,6,274000.0
7,1929.0,2.0,1057.0,1057.0,2.0,2001.0,2001.0,7,226000.0
8,2704.0,2.0,1952.0,2000.0,2.0,1972.0,1995.0,9,340037.5
5,1620.0,2.0,780.0,780.0,2.0,1969.0,1969.0,7,152000.0
9,1766.0,3.0,1766.0,1766.0,2.0,2009.0,2009.0,7,340037.5
6,981.0,2.0,981.0,981.0,1.0,1971.0,1971.0,5,143250.0
5,1048.0,2.0,42.0,1048.0,1.0,1950.0,1950.0,7,98300.0
6,1094.0,2.0,1094.0,1094.0,1.0,1953.0,1953.0,5,155000.0
6,1839.0,2.0,756.0,1051.0,1.0,1966.0,1966.0,7,155000.0
4,630.0,0.0,630.0,630.0,1.0,1970.0,1970.0,3,84500.0
7,1665.0,2.0,813.0,822.0,2.0,2007.0,2007.0,7,205950.0
4,1510.0,1.0,755.0,755.0,1.0,1940.0,1950.0,7,108000.0
7,1716.0,2.0,880.0,909.0,2.0,1996.0,1996.0,7,191000.0
6,1469.0,1.0,756.0,756.0,1.0,1906.0,1995.0,7,135000.0
8,2113.0,3.0,2052.0,2113.0,2.0,1995.0,1995.0,7,340037.5
6,1092.0,1.0,525.0,525.0,1.0,1971.0,1971.0,6,88000.0
5,1053.0,1.0,1053.0,1053.0,1.0,1959.0,2006.0,5,145500.0
7,1502.0,1.0,776.0,851.0,1.0,1931.0,2000.0,6,149000.0
6,1458.0,1.0,912.0,912.0,1.0,1948.0,1950.0,6,97500.0
5,1486.0,2.0,1486.0,1486.0,1.0,1964.0,1999.0,7,167000.0
7,1935.0,2.0,793.0,1142.0,2.0,1976.0,1976.0,7,197900.0
8,2448.0,3.0,1629.0,1686.0,2.0,1994.0,2005.0,8,340037.5
6,1392.0,2.0,1392.0,1392.0,1.0,1968.0,1968.0,5,110000.0
4,1181.0,2.0,1138.0,1181.0,2.0,1972.0,1972.0,6,137500.0
8,2097.0,3.0,2052.0,2097.0,1.0,2005.0,2006.0,8,340037.5
8,1936.0,2.0,1406.0,1454.0,2.0,2000.0,2000.0,7,230500.0
6,2380.0,2.0,1021.0,1465.0,2.0,1965.0,1979.0,7,129000.0
6,1679.0,2.0,1408.0,1679.0,2.0,1994.0,1998.0,7,193500.0
5,1437.0,2.0,1188.0,1437.0,1.0,1956.0,1987.0,6,168000.0
4,1180.0,1.0,700.0,1180.0,1.0,1922.0,1950.0,5,137500.0
6,1476.0,2.0,738.0,738.0,2.0,2005.0,2005.0,7,173500.0
6,1369.0,1.0,672.0,697.0,2.0,1925.0,1950.0,6,103600.0
6,1208.0,2.0,1208.0,1208.0,1.0,1977.0,1977.0,6,165000.0
6,1839.0,2.0,1477.0,1839.0,2.0,1957.0,2004.0,7,257500.0
6,1136.0,1.0,1136.0,1136.0,1.0,1965.0,1965.0,5,140000.0
6,1441.0,2.0,855.0,855.0,2.0,1978.0,1978.0,7,148500.0
4,1774.0,3.0,1095.0,1095.0,2.0,1900.0,1950.0,8,87000.0
5,792.0,1.0,768.0,792.0,1.0,1924.0,2006.0,5,109500.0
8,2046.0,3.0,2046.0,2046.0,2.0,2008.0,2008.0,7,340037.5
5,988.0,2.0,988.0,988.0,1.0,1961.0,1961.0,5,128500.0
6,923.0,1.0,923.0,923.0,2.0,1980.0,1980.0,5,143000.0
5,1520.0,1.0,793.0,848.0,1.0,1932.0,2000.0,6,159434.0
6,1291.0,2.0,1291.0,1291.0,1.0,1996.0,1997.0,6,173000.0
9,1668.0,3.0,1626.0,1668.0,2.0,2002.0,2002.0,7,285000.0
7,1839.0,2.0,1195.0,1195.0,2.0,1998.0,1998.0,7,221000.0
7,2090.0,2.0,1190.0,1190.0,2.0,1984.0,1984.0,6,207500.0
7,1761.0,2.0,874.0,874.0,3.0,2007.0,2007.0,7,227875.0
7,1102.0,2.0,551.0,551.0,2.0,2004.0,2004.0,4,148800.0
8,1419.0,2.0,1419.0,1419.0,2.0,2007.0,2007.0,7,340037.5
6,1362.0,2.0,1362.0,1362.0,2.0,2005.0,2006.0,6,194700.0
6,848.0,2.0,848.0,848.0,1.0,2004.0,2004.0,3,141000.0
10,2747.625,3.0,2052.0,2155.125,3.0,1994.0,1995.0,10,340037.5
7,2519.0,2.0,1210.0,1238.0,2.0,1989.0,1990.0,9,335000.0
5,1073.0,1.0,1073.0,1073.0,1.0,1921.0,1968.0,4,108480.0
5,1539.0,2.0,927.0,1067.0,1.0,1936.0,1950.0,5,141500.0
6,1137.0,2.0,1112.0,1137.0,2.0,1987.0,1987.0,5,176000.0
5,616.0,1.0,616.0,616.0,1.0,1921.0,1950.0,4,89000.0
5,1148.0,1.0,980.0,1148.0,1.0,1952.0,1952.0,6,123500.0
5,894.0,1.0,894.0,894.0,1.0,1965.0,2009.0,5,138500.0
7,1391.0,2.0,1391.0,1391.0,2.0,2004.0,2004.0,5,196000.0
8,1800.0,3.0,1800.0,1800.0,2.0,2002.0,2002.0,7,312500.0
7,1164.0,2.0,1164.0,1164.0,1.0,1969.0,1969.0,6,140000.0
8,2576.0,3.0,1234.0,1264.0,2.0,2006.0,2006.0,10,340037.5
5,1812.0,2.0,360.0,1032.0,2.0,1900.0,1996.0,8,140000.0
7,1484.0,2.0,1473.0,1484.0,2.0,2004.0,2005.0,7,213000.0
4,1092.0,0.0,42.0,372.0,2.0,1930.0,1950.0,7,55000.0
7,1824.0,2.0,1643.0,1824.0,2.0,1971.0,2002.0,5,302000.0
8,1324.0,2.0,1324.0,1324.0,2.0,2006.0,2006.0,6,254000.0
7,1456.0,2.0,728.0,728.0,2.0,2007.0,2007.0,8,179540.0
5,904.0,1.0,876.0,904.0,1.0,1966.0,1966.0,6,109900.0
3,729.0,0.0,270.0,729.0,1.0,1935.0,2003.0,5,52000.0
4,1178.0,1.0,859.0,859.0,1.0,1900.0,1950.0,7,102776.0
8,1228.0,2.0,1228.0,1228.0,2.0,1988.0,1989.0,5,189000.0
4,960.0,2.0,960.0,960.0,1.0,1970.0,1970.0,6,129000.0
6,1479.0,2.0,725.0,725.0,2.0,1976.0,2005.0,6,130500.0
6,1350.0,2.0,1064.0,1350.0,2.0,1974.0,1974.0,7,165000.0
7,2554.0,2.0,718.0,1576.0,1.0,1890.0,1998.0,8,159500.0
5,1178.0,2.0,1176.0,1178.0,1.0,1973.0,2000.0,5,157000.0
7,2418.0,3.0,1311.0,1325.0,2.0,1993.0,1994.0,9,340037.5
5,971.0,1.0,971.0,971.0,1.0,1969.0,1969.0,5,128500.0
8,1742.0,2.0,1742.0,1742.0,2.0,1985.0,1985.0,5,275000.0
6,848.0,2.0,848.0,848.0,1.0,2004.0,2004.0,3,143000.0
4,864.0,2.0,864.0,864.0,1.0,1970.0,1970.0,5,124500.0
4,1470.0,1.0,941.0,997.0,2.0,1954.0,1972.0,7,135000.0
9,1698.0,3.0,1698.0,1698.0,2.0,2007.0,2008.0,8,320000.0
4,864.0,2.0,864.0,864.0,1.0,1970.0,1970.0,5,120500.0
6,1680.0,2.0,880.0,1680.0,2.0,1988.0,2007.0,5,222000.0
7,1232.0,2.0,1232.0,1232.0,2.0,2007.0,2007.0,6,194500.0
5,1776.0,3.0,1584.0,1776.0,2.0,1958.0,1958.0,9,110000.0
4,1208.0,2.0,780.0,848.0,1.0,1925.0,1950.0,5,103000.0
8,1616.0,2.0,1595.0,1616.0,2.0,1995.0,1996.0,5,236500.0
7,1146.0,2.0,868.0,1146.0,2.0,2003.0,2003.0,6,187500.0
7,2031.0,2.0,1153.0,1153.0,2.0,1998.0,1999.0,8,222500.0
5,1144.0,1.0,864.0,1144.0,1.0,1961.0,1983.0,6,131400.0
5,948.0,1.0,948.0,948.0,1.0,1968.0,1968.0,6,108000.0
7,1768.0,2.0,880.0,880.0,1.0,1914.0,1970.0,6,163000.0
3,1040.0,2.0,42.0,1040.0,2.0,1950.0,1950.0,6,93500.0
8,1801.0,3.0,893.0,901.0,2.0,2005.0,2005.0,8,239900.0
5,1200.0,0.0,1200.0,1200.0,3.0,1987.0,1988.0,5,179000.0
7,1728.0,2.0,864.0,864.0,2.0,2004.0,2004.0,7,190000.0
5,1432.0,2.0,264.0,768.0,2.0,1910.0,2002.0,7,132000.0
6,912.0,1.0,912.0,912.0,1.0,1961.0,1996.0,5,142000.0
7,1349.0,2.0,1349.0,1349.0,2.0,2000.0,2001.0,6,179000.0
5,1464.0,2.0,520.0,1464.0,2.0,1963.0,1999.0,6,175000.0
8,1337.0,2.0,1337.0,1337.0,2.0,1993.0,1993.0,5,180000.0
8,2715.0,2.0,1142.0,1175.0,3.0,1976.0,1996.0,10,299800.0
7,2256.0,2.0,952.0,980.0,2.0,2000.0,2000.0,8,236000.0
7,2640.0,3.5,1240.0,1320.0,1.0,1885.0,2003.0,8,265979.0
7,1720.0,2.0,1720.0,1720.0,2.0,1996.0,1996.0,7,260400.0
4,1529.0,1.0,42.0,1088.0,2.0,1945.0,1950.0,9,98000.0
4,1140.0,0.0,576.0,792.0,1.0,1910.0,2004.0,7,96500.0
7,1320.0,2.0,660.0,660.0,2.0,2003.0,2003.0,6,162000.0
6,1494.0,2.0,1479.0,1494.0,2.0,1997.0,1997.0,6,217000.0
8,2098.0,3.0,1030.0,1038.0,2.0,2005.0,2005.0,8,275500.0
6,1026.0,2.0,1026.0,1026.0,1.0,1969.0,2005.0,5,156000.0
6,1471.0,2.0,729.0,742.0,2.0,1999.0,1999.0,6,172500.0
8,1768.0,2.0,866.0,866.0,2.0,2007.0,2007.0,7,212000.0
6,1386.0,2.0,672.0,672.0,2.0,1978.0,1978.0,6,158900.0
7,1501.0,2.0,744.0,757.0,2.0,1999.0,1999.0,6,179400.0
8,2531.0,3.0,1318.0,1328.0,2.0,1995.0,1995.0,9,290000.0
6,864.0,1.0,864.0,864.0,1.0,1959.0,1959.0,5,127500.0
5,1301.0,2.0,1145.0,1301.0,1.0,1924.0,1950.0,5,100000.0
7,1547.0,2.0,756.0,764.0,2.0,2009.0,2009.0,7,215200.0
8,2365.0,3.0,1252.0,1268.0,2.0,1999.0,1999.0,8,337000.0
8,1494.0,2.0,1494.0,1494.0,1.0,1995.0,1996.0,6,270000.0
9,1506.0,2.0,1498.0,1506.0,2.0,2008.0,2008.0,6,264132.0
7,1714.0,2.0,980.0,980.0,2.0,1988.0,1988.0,7,196500.0
6,1750.0,1.0,983.0,983.0,2.0,1940.0,1985.0,7,160000.0
7,1836.0,2.0,1860.0,1836.0,2.0,2004.0,2005.0,8,216837.0
8,2747.625,3.0,1650.0,1690.0,3.0,2003.0,2003.0,10,340037.5
5,858.0,2.0,858.0,858.0,1.0,1982.0,1982.0,5,134900.0
4,1220.0,2.0,836.0,1220.0,1.0,1951.0,1951.0,6,102000.0
6,1117.0,2.0,1029.0,1117.0,1.0,1976.0,1976.0,6,107000.0
5,912.0,1.0,912.0,912.0,1.0,1958.0,1958.0,5,114500.0
8,1973.0,3.0,1935.0,1973.0,2.0,2006.0,2006.0,9,340037.5
6,1204.0,2.0,1204.0,1204.0,2.0,1998.0,1998.0,5,162000.0
7,1614.0,3.0,1614.0,1614.0,2.0,2005.0,2006.0,7,221500.0
5,894.0,2.0,864.0,894.0,1.0,1974.0,1974.0,5,142500.0
5,2020.0,2.0,42.0,2020.0,2.0,1977.0,1977.0,10,144000.0
6,1004.0,2.0,975.0,1004.0,1.0,1977.0,1977.0,4,135000.0
7,1253.0,2.0,1237.0,1253.0,2.0,1995.0,1996.0,6,176000.0
6,1603.0,2.0,761.0,810.0,2.0,1992.0,1992.0,7,175900.0
7,1430.0,2.0,1413.0,1430.0,2.0,2001.0,2002.0,6,187100.0
5,1110.0,2.0,1097.0,1110.0,1.0,1978.0,1978.0,4,165500.0
6,1484.0,0.0,742.0,742.0,2.0,1914.0,2001.0,9,128000.0
6,1342.0,2.0,1372.0,1342.0,2.0,1967.0,1967.0,7,161500.0
5,1652.0,1.0,686.0,966.0,2.0,1915.0,1950.0,7,139000.0
7,2084.0,2.0,956.0,956.0,2.0,2004.0,2004.0,8,233000.0
4,901.0,1.0,901.0,901.0,1.0,1954.0,2000.0,4,107900.0
6,2087.0,2.0,832.0,976.0,2.0,1966.0,2007.0,9,187500.0
7,1145.0,2.0,1145.0,1145.0,2.0,2005.0,2006.0,5,160200.0
6,1062.0,2.0,1029.0,1062.0,1.0,1976.0,1976.0,5,146800.0
7,2013.0,2.0,1117.0,1127.0,2.0,1996.0,1997.0,8,269790.0
8,1496.0,2.0,1496.0,1496.0,2.0,2007.0,2007.0,7,225000.0
7,1895.0,2.0,712.0,1086.0,2.0,1994.0,1996.0,7,194500.0
6,1564.0,2.0,650.0,888.0,2.0,1980.0,1981.0,7,171000.0
6,1285.0,2.0,660.0,1285.0,1.0,1977.0,1977.0,7,143500.0
5,773.0,1.0,773.0,773.0,1.0,1953.0,1953.0,4,110000.0
9,2747.625,3.0,1926.0,1966.0,3.0,2008.0,2009.0,10,340037.5
5,1768.0,1.0,731.0,981.0,1.0,1937.0,1950.0,7,175000.0
6,1688.0,2.0,616.0,616.0,2.0,1997.0,1997.0,8,200000.0
4,1196.0,2.0,1196.0,1196.0,1.0,1916.0,1990.0,5,109900.0
7,1456.0,2.0,728.0,728.0,2.0,2005.0,2005.0,7,189000.0
9,2747.625,3.0,1734.0,1734.0,3.0,2008.0,2009.0,10,340037.5
5,1128.0,1.0,936.0,1128.0,1.0,1954.0,1954.0,5,118000.0
7,1428.0,2.0,1417.0,1428.0,2.0,2008.0,2008.0,6,227680.0
5,980.0,1.0,980.0,980.0,2.0,1967.0,1967.0,6,135500.0
5,1576.0,2.0,1324.0,1072.0,1.0,1923.0,2004.0,6,223500.0
5,1086.0,2.0,1024.0,1086.0,1.0,1966.0,1966.0,6,159950.0
5,2138.0,2.0,849.0,1075.0,2.0,1898.0,1965.0,10,106000.0
6,1309.0,2.0,1040.0,1309.0,1.0,1974.0,1999.0,5,181000.0
6,848.0,2.0,848.0,848.0,1.0,2004.0,2004.0,4,144500.0
5,1044.0,2.0,540.0,1044.0,1.0,1952.0,1952.0,4,55993.0
6,1442.0,1.0,1442.0,1442.0,1.0,1958.0,1958.0,7,157900.0
5,1250.0,1.0,686.0,686.0,1.0,1918.0,1950.0,7,116000.0
7,1661.0,2.0,1649.0,1661.0,2.0,1998.0,1998.0,6,224900.0
5,1008.0,1.0,1008.0,1008.0,1.0,1954.0,1954.0,4,137000.0
8,1689.0,3.0,1568.0,1689.0,2.0,2002.0,2002.0,7,271000.0
6,1052.0,2.0,1010.0,1052.0,1.0,1971.0,1971.0,6,155000.0
7,1358.0,2.0,1358.0,1358.0,2.0,2009.0,2010.0,6,224000.0
7,1640.0,2.0,798.0,798.0,2.0,2003.0,2003.0,6,183000.0
4,936.0,2.0,936.0,936.0,1.0,1953.0,1953.0,4,93000.0
7,1733.0,2.0,847.0,847.0,2.0,2003.0,2003.0,7,225000.0
6,1489.0,1.0,778.0,944.0,2.0,1940.0,1950.0,7,139500.0
8,1489.0,2.0,1489.0,1489.0,2.0,2006.0,2006.0,7,232600.0
10,2084.0,3.0,2052.0,2084.0,2.0,2007.0,2008.0,7,340037.5
5,784.0,0.0,784.0,784.0,1.0,1924.0,1950.0,5,109500.0
7,1434.0,2.0,1454.0,1434.0,2.0,2001.0,2001.0,6,189000.0
5,2126.0,2.0,1013.0,1160.0,2.0,1967.0,1967.0,7,185000.0
7,1223.0,2.0,600.0,520.0,2.0,2005.0,2005.0,4,147400.0
6,1392.0,2.0,1392.0,1392.0,1.0,1957.0,1957.0,6,166000.0
7,1200.0,2.0,600.0,520.0,2.0,2005.0,2005.0,4,151000.0
7,1829.0,2.0,941.0,941.0,2.0,2003.0,2003.0,7,237000.0
6,1516.0,2.0,1516.0,1516.0,1.0,1964.0,1964.0,6,167000.0
5,1144.0,2.0,1144.0,1144.0,1.0,1961.0,1961.0,6,139950.0
4,1067.0,2.0,1067.0,1067.0,2.0,1950.0,1995.0,4,128000.0
5,1559.0,2.0,1559.0,1559.0,1.0,1948.0,1973.0,5,153500.0
6,987.0,1.0,483.0,483.0,1.0,1973.0,1973.0,5,100000.0
5,1099.0,1.0,1099.0,1099.0,1.0,1995.0,2006.0,6,144000.0
5,1200.0,1.0,768.0,768.0,1.0,1946.0,1995.0,6,130500.0
6,1482.0,1.0,672.0,810.0,2.0,1925.0,1950.0,7,140000.0
5,1539.0,2.0,650.0,958.0,2.0,1904.0,2002.0,8,157500.0
6,1165.0,2.0,1127.0,1165.0,1.0,1966.0,1966.0,6,174900.0
5,1800.0,0.0,1800.0,1800.0,2.0,1961.0,1961.0,10,141000.0
5,1416.0,3.0,876.0,876.0,1.0,1915.0,1950.0,7,153900.0
5,1701.0,2.0,1390.0,1701.0,2.0,1975.0,1981.0,6,171000.0
7,1775.0,2.0,740.0,1006.0,2.0,1993.0,1993.0,7,213000.0
5,864.0,1.0,864.0,864.0,1.0,1972.0,1972.0,5,133500.0
6,2358.0,2.0,907.0,1307.0,3.0,1908.0,1997.0,10,240000.0
6,1855.0,2.0,528.0,1094.0,2.0,1976.0,1994.0,7,187000.0
6,848.0,2.0,848.0,848.0,1.0,2003.0,2003.0,3,131500.0
8,1456.0,2.0,1273.0,1456.0,2.0,2003.0,2003.0,7,215000.0
7,1646.0,1.0,918.0,918.0,2.0,1941.0,1950.0,7,164000.0
6,1445.0,2.0,1127.0,1445.0,1.0,1964.0,1964.0,7,158000.0
5,1779.0,2.0,1763.0,1779.0,1.0,1955.0,1974.0,6,170000.0
5,1040.0,1.0,1040.0,1040.0,1.0,1962.0,2010.0,6,127000.0
6,1026.0,2.0,940.0,1026.0,1.0,1978.0,1978.0,5,147000.0
6,1481.0,2.0,702.0,702.0,2.0,1994.0,1995.0,6,174000.0
7,1370.0,2.0,1090.0,1370.0,2.0,1976.0,1976.0,6,152000.0
6,2654.0,2.0,1054.0,1512.0,2.0,1968.0,1984.0,9,250000.0
7,1426.0,1.0,912.0,912.0,1.0,1918.0,1998.0,7,189950.0
5,1039.0,2.0,1039.0,1039.0,1.0,1965.0,1965.0,6,131500.0
6,1097.0,2.0,1040.0,1097.0,2.0,1984.0,1985.0,6,152000.0
5,1148.0,1.0,1148.0,1148.0,1.0,1959.0,1959.0,6,132500.0
7,1372.0,2.0,1372.0,1372.0,2.0,2007.0,2008.0,6,250580.0
5,1002.0,2.0,1002.0,1002.0,1.0,1970.0,1970.0,5,148500.0
8,1646.0,3.0,1638.0,1646.0,2.0,2006.0,2007.0,6,248900.0
4,1120.0,2.0,1040.0,1120.0,1.0,1961.0,1961.0,5,129000.0
5,2320.0,2.0,42.0,1547.0,2.0,1948.0,1950.0,7,169000.0
7,1949.0,2.0,1050.0,1062.0,2.0,1993.0,1994.0,8,236000.0
5,894.0,1.0,894.0,894.0,1.0,1962.0,1962.0,5,109500.0
6,1682.0,2.0,804.0,804.0,2.0,1998.0,1998.0,7,200500.0
5,910.0,2.0,105.0,910.0,1.0,1953.0,1996.0,5,116000.0
5,1268.0,1.0,832.0,1036.0,1.0,1949.0,1950.0,6,133000.0
5,1131.0,1.0,676.0,676.0,1.0,1941.0,1950.0,5,66500.0
8,2610.0,2.0,1184.0,1184.0,2.0,2007.0,2007.0,10,303477.0
4,1040.0,2.0,1064.0,1040.0,1.0,1963.0,1963.0,5,132250.0
9,2224.0,3.0,1462.0,1462.0,2.0,2004.0,2005.0,10,340037.5
5,1155.0,2.0,1109.0,1155.0,1.0,1961.0,1995.0,6,148000.0
5,864.0,1.0,864.0,864.0,1.0,1978.0,2005.0,6,136500.0
5,1090.0,2.0,1090.0,1090.0,1.0,2005.0,2006.0,5,157000.0
7,1717.0,2.0,1156.0,1187.0,2.0,1990.0,1991.0,7,187500.0
6,1593.0,2.0,808.0,808.0,2.0,1992.0,1993.0,7,178000.0
4,2230.0,1.0,795.0,954.0,1.0,1912.0,1950.0,10,118500.0
5,892.0,1.0,892.0,892.0,1.0,1967.0,1967.0,5,100000.0
9,1709.0,2.0,1698.0,1709.0,2.0,1999.0,2000.0,5,328900.0
5,1712.0,2.0,1626.0,1712.0,2.0,1959.0,2005.0,8,145000.0
5,1393.0,1.0,816.0,872.0,1.0,1955.0,1955.0,8,135500.0
8,2217.0,2.0,2052.0,2155.125,2.0,1970.0,1970.0,8,268000.0
6,1505.0,2.0,1505.0,1505.0,1.0,1953.0,1953.0,6,149500.0
5,924.0,2.0,672.0,672.0,1.0,1949.0,2006.0,6,122900.0
6,1683.0,2.0,918.0,918.0,2.0,1978.0,1978.0,7,172500.0
6,1068.0,1.0,1059.0,1068.0,1.0,1963.0,2003.0,6,154500.0
5,1383.0,1.0,1383.0,1383.0,1.0,1954.0,1954.0,6,165000.0
5,1535.0,2.0,42.0,1535.0,2.0,1979.0,1979.0,8,118858.0
6,1796.0,2.0,780.0,983.0,1.0,1963.0,1963.0,8,140000.0
4,951.0,1.0,951.0,951.0,1.0,1936.0,1950.0,6,106500.0
5,2240.0,2.0,42.0,1120.0,2.0,1979.0,1979.0,10,142953.0
9,2364.0,3.0,2052.0,2155.125,2.0,2009.0,2010.0,10,340037.5
5,1236.0,1.0,912.0,1236.0,1.0,1961.0,1994.0,6,135000.0
4,858.0,1.0,858.0,858.0,1.0,1971.0,1971.0,4,110000.0
5,1306.0,1.0,992.0,1306.0,1.0,1957.0,2000.0,5,153000.0
7,1509.0,2.0,783.0,807.0,2.0,2003.0,2003.0,8,180000.0
7,1670.0,3.0,1670.0,1670.0,2.0,2006.0,2006.0,7,240000.0
5,902.0,1.0,876.0,902.0,1.0,1967.0,1967.0,6,125500.0
5,1063.0,1.0,1056.0,1063.0,1.0,1954.0,1954.0,6,128000.0
8,1636.0,3.0,1623.0,1636.0,2.0,2006.0,2006.0,8,255000.0
7,2057.0,1.0,1017.0,1020.0,1.0,1936.0,1987.0,6,250000.0
5,902.0,2.0,864.0,902.0,1.0,1983.0,1983.0,5,131000.0
6,1484.0,2.0,742.0,742.0,2.0,2005.0,2005.0,8,174000.0
5,2274.0,2.0,1105.0,1105.0,2.0,1960.0,1960.0,10,154300.0
5,1268.0,1.0,1268.0,1268.0,1.0,1977.0,1989.0,5,143500.0
5,1015.0,1.0,768.0,1015.0,1.0,1925.0,1950.0,6,88000.0
5,2002.0,3.0,1001.0,1001.0,2.0,1949.0,1950.0,8,145000.0
6,1224.0,2.0,612.0,612.0,2.0,2009.0,2009.0,4,173733.0
4,1092.0,1.0,546.0,546.0,1.0,1970.0,1970.0,6,75000.0
2,480.0,1.0,480.0,480.0,0.0,1949.0,1950.0,4,35311.0
4,1229.0,1.0,1134.0,1229.0,1.0,1956.0,1956.0,6,135000.0
7,2127.0,3.0,1104.0,912.0,2.0,1991.0,1991.0,8,238000.0
6,1414.0,2.0,1184.0,1414.0,1.0,1958.0,2002.0,6,176500.0
6,1721.0,2.0,928.0,936.0,2.0,1994.0,1994.0,7,201000.0
5,2200.0,0.0,1272.0,1272.0,2.0,1900.0,2003.0,9,145900.0
6,1316.0,2.0,1316.0,1316.0,2.0,2005.0,2006.0,6,169990.0
6,1617.0,2.0,1604.0,1617.0,2.0,1993.0,1994.0,5,193000.0
6,1686.0,2.0,1686.0,1686.0,2.0,1980.0,1980.0,7,207500.0
5,1126.0,2.0,1126.0,1126.0,2.0,1977.0,1977.0,6,175000.0
8,2374.0,3.0,1181.0,1234.0,2.0,2003.0,2004.0,10,285000.0
7,1978.0,2.0,832.0,1098.0,2.0,1968.0,1968.0,9,176000.0
8,1788.0,2.0,1753.0,1788.0,2.0,2001.0,2001.0,7,236500.0
7,2236.0,2.0,964.0,993.0,2.0,1997.0,1997.0,8,222000.0
8,1466.0,3.0,1466.0,1466.0,2.0,2007.0,2007.0,7,201000.0
5,925.0,1.0,925.0,925.0,1.0,1965.0,1965.0,5,117500.0
9,1905.0,3.0,1905.0,1905.0,2.0,2006.0,2006.0,8,320000.0
7,1500.0,2.0,1500.0,1500.0,2.0,2004.0,2004.0,6,190000.0
7,2069.0,2.0,585.0,2069.0,2.0,1960.0,2007.0,9,242000.0
4,747.0,2.0,600.0,747.0,1.0,1926.0,1953.0,5,79900.0
7,1200.0,2.0,1176.0,1200.0,2.0,2003.0,2003.0,5,184900.0
7,1971.0,2.0,1113.0,1113.0,2.0,2005.0,2005.0,8,253000.0
7,1962.0,3.0,1391.0,1391.0,2.0,2006.0,2006.0,7,239799.0
7,2403.0,1.0,1032.0,1207.0,2.0,1940.0,1950.0,10,244400.0
6,1728.0,2.0,1728.0,1728.0,2.0,1976.0,1976.0,8,150900.0
7,2060.0,2.0,992.0,1022.0,2.0,1999.0,1999.0,8,214000.0
4,1440.0,0.0,1440.0,1440.0,2.0,1977.0,1977.0,8,150000.0
5,1632.0,2.0,1632.0,1632.0,2.0,1967.0,1967.0,8,143000.0
6,1344.0,2.0,819.0,1344.0,1.0,1958.0,1958.0,7,137500.0
5,1869.0,2.0,1088.0,1188.0,1.0,1890.0,1996.0,7,124900.0
5,1144.0,1.0,1144.0,1144.0,1.0,1959.0,1959.0,6,143000.0
8,1629.0,3.0,1616.0,1629.0,2.0,2002.0,2003.0,9,270000.0
7,1776.0,2.0,936.0,936.0,2.0,2002.0,2002.0,7,192500.0
6,1381.0,2.0,1161.0,1381.0,1.0,1972.0,2006.0,5,197500.0
5,864.0,2.0,864.0,864.0,1.0,1950.0,2002.0,5,129000.0
5,965.0,1.0,828.0,965.0,1.0,1965.0,1965.0,6,119900.0
5,768.0,1.0,768.0,768.0,1.0,1972.0,2003.0,5,133900.0
5,1968.0,2.0,784.0,1168.0,2.0,1969.0,1969.0,7,172000.0
6,980.0,0.0,945.0,980.0,2.0,1975.0,1975.0,4,127500.0
6,1958.0,2.0,979.0,979.0,2.0,1946.0,1950.0,8,145000.0
6,1229.0,2.0,561.0,561.0,1.0,1980.0,1980.0,5,124000.0
5,1057.0,2.0,1057.0,1057.0,1.0,1962.0,1962.0,6,132000.0
7,1337.0,2.0,1337.0,1337.0,2.0,2003.0,2003.0,6,185000.0
7,1416.0,2.0,696.0,696.0,2.0,1999.0,1999.0,6,155000.0
5,858.0,0.0,858.0,858.0,1.0,1958.0,2008.0,4,116500.0
6,2747.625,2.0,1330.0,1542.0,2.0,1977.0,1995.0,10,272000.0
6,1548.0,2.0,804.0,804.0,2.0,1976.0,1976.0,7,155000.0
9,1800.0,2.0,1800.0,1800.0,2.0,2007.0,2007.0,7,239000.0
7,1894.0,2.0,817.0,824.0,2.0,2002.0,2003.0,8,214900.0
6,1484.0,2.0,783.0,783.0,2.0,2005.0,2007.0,8,178900.0
5,1308.0,1.0,728.0,976.0,1.0,1940.0,1950.0,7,160000.0
5,1098.0,1.0,1098.0,1098.0,1.0,1955.0,1955.0,6,135000.0
3,968.0,0.0,600.0,600.0,1.0,1910.0,1950.0,6,37900.0
6,1095.0,1.0,588.0,1095.0,1.0,1958.0,1958.0,6,140000.0
4,1192.0,0.0,720.0,720.0,1.0,1949.0,1950.0,6,135000.0
7,1626.0,2.0,764.0,764.0,2.0,2003.0,2004.0,6,173000.0
6,918.0,1.0,918.0,918.0,2.0,1979.0,1979.0,5,99500.0
7,1428.0,2.0,1428.0,1428.0,2.0,2007.0,2008.0,6,182000.0
7,2019.0,2.0,728.0,1136.0,1.0,1910.0,1993.0,8,167500.0
7,1382.0,2.0,673.0,673.0,2.0,2000.0,2000.0,6,165000.0
4,869.0,0.0,440.0,869.0,1.0,1923.0,1958.0,4,85500.0
7,1241.0,2.0,1241.0,1241.0,1.0,2006.0,2007.0,4,199900.0
4,894.0,2.0,894.0,894.0,1.0,1954.0,1954.0,5,110000.0
5,1121.0,2.0,1121.0,1121.0,1.0,1963.0,1963.0,5,139000.0
7,999.0,2.0,944.0,999.0,1.0,1961.0,2007.0,6,178400.0
8,2612.0,3.0,1225.0,1276.0,2.0,1998.0,1999.0,8,336000.0
7,1266.0,2.0,1266.0,1266.0,2.0,2007.0,2007.0,6,159895.0
8,2290.0,2.0,1128.0,1149.0,2.0,2002.0,2002.0,9,255900.0
5,1734.0,2.0,42.0,1302.0,2.0,1977.0,1977.0,8,126000.0
5,1164.0,1.0,1164.0,1164.0,1.0,1950.0,1950.0,5,125000.0
6,1635.0,1.0,485.0,1001.0,1.0,1910.0,2003.0,5,117000.0
9,1940.0,3.0,1930.0,1940.0,2.0,2009.0,2010.0,8,340037.5
6,2030.0,2.0,848.0,1118.0,2.0,1976.0,1976.0,8,195000.0
7,1576.0,2.0,770.0,778.0,2.0,2006.0,2006.0,6,197000.0
8,2392.0,3.0,1396.0,1407.0,2.0,1997.0,1998.0,7,340037.5
8,1742.0,2.0,916.0,916.0,1.0,1885.0,1986.0,8,168000.0
6,1851.0,2.0,822.0,1020.0,2.0,1964.0,1993.0,7,187000.0
6,1500.0,2.0,750.0,750.0,2.0,2005.0,2006.0,6,173900.0
10,1718.0,3.0,1700.0,1718.0,2.0,2006.0,2007.0,7,337500.0
4,1230.0,1.0,747.0,774.0,1.0,1946.0,1950.0,5,121600.0
5,1050.0,1.0,1050.0,1050.0,1.0,1961.0,1961.0,6,136500.0
6,1442.0,2.0,1442.0,1442.0,2.0,1970.0,1970.0,6,185000.0
3,1077.0,1.0,1007.0,1077.0,1.0,1922.0,1950.0,6,91000.0
7,1208.0,2.0,1187.0,1208.0,2.0,2006.0,2006.0,6,206000.0
3,944.0,2.0,42.0,944.0,1.0,1952.0,1952.0,4,82000.0
5,691.0,1.0,691.0,691.0,1.0,1920.0,1950.0,4,86000.0
8,1574.0,3.0,1574.0,1574.0,2.0,2006.0,2006.0,7,232000.0
5,1680.0,2.0,1680.0,1680.0,2.0,1976.0,1976.0,8,136905.0
7,1504.0,2.0,1346.0,1504.0,2.0,2005.0,2006.0,7,181000.0
5,985.0,1.0,985.0,985.0,2.0,1977.0,1977.0,6,149900.0
6,1657.0,2.0,1657.0,1657.0,2.0,1970.0,1970.0,7,163500.0
4,1092.0,1.0,546.0,546.0,1.0,1970.0,1970.0,6,88000.0
7,1710.0,2.0,1710.0,1710.0,2.0,2004.0,2005.0,7,240000.0
5,1522.0,0.0,1008.0,1008.0,2.0,1926.0,1950.0,7,102000.0
5,1271.0,1.0,720.0,720.0,2.0,1948.0,1950.0,7,135000.0
5,1664.0,0.0,42.0,1664.0,2.0,1965.0,1965.0,8,100000.0
6,1502.0,1.0,602.0,900.0,1.0,1923.0,1996.0,7,165000.0
5,1022.0,1.0,1022.0,1022.0,1.0,1910.0,2006.0,4,85000.0
6,1082.0,1.0,1082.0,1082.0,1.0,1948.0,1950.0,5,119200.0
8,1665.0,2.0,810.0,810.0,2.0,2001.0,2001.0,6,227000.0
7,1504.0,2.0,1504.0,1504.0,2.0,1996.0,1996.0,6,203000.0
8,1360.0,2.0,1220.0,1360.0,1.0,1984.0,1984.0,4,187500.0
7,1472.0,2.0,384.0,802.0,2.0,1991.0,1992.0,7,160000.0
7,1506.0,2.0,1362.0,1506.0,2.0,2005.0,2005.0,6,213490.0
4,1132.0,2.0,1132.0,1132.0,1.0,2005.0,2005.0,5,176000.0
7,1220.0,2.0,1199.0,1220.0,2.0,2006.0,2006.0,6,194000.0
5,1248.0,1.0,912.0,912.0,1.0,1930.0,1950.0,6,87000.0
7,1504.0,2.0,1346.0,1504.0,2.0,2005.0,2006.0,7,191000.0
8,2747.625,2.0,1565.0,2155.125,2.0,1976.0,1976.0,10,287000.0
5,882.0,2.0,882.0,882.0,1.0,1972.0,1972.0,5,112500.0
5,1264.0,2.0,1268.0,1264.0,1.0,1960.0,1960.0,6,167500.0
8,1646.0,3.0,1638.0,1646.0,2.0,2007.0,2008.0,7,293077.0
5,1376.0,1.0,768.0,968.0,1.0,1941.0,1950.0,6,105000.0
6,1218.0,1.0,672.0,672.0,1.0,1972.0,1972.0,7,118000.0
5,1928.0,0.0,686.0,948.0,2.0,1916.0,1995.0,10,160000.0
7,2747.625,2.0,824.0,1687.0,2.0,1920.0,1970.0,10,197000.0
8,2520.0,3.0,1338.0,1352.0,2.0,1993.0,1993.0,10,310000.0
7,1654.0,3.0,1654.0,1654.0,2.0,2002.0,2002.0,6,230000.0
5,954.0,1.0,920.0,954.0,1.0,1938.0,1950.0,5,119750.0
4,845.0,1.0,42.0,845.0,1.0,1957.0,1957.0,5,84000.0
9,1620.0,3.0,1620.0,1620.0,2.0,2007.0,2008.0,6,315500.0
8,2263.0,2.0,1055.0,1055.0,2.0,2001.0,2002.0,7,287000.0
4,1344.0,0.0,546.0,798.0,1.0,1970.0,2008.0,6,97000.0
4,630.0,1.0,630.0,630.0,1.0,1970.0,1970.0,3,80000.0
5,1803.0,2.0,1134.0,1803.0,2.0,1957.0,2000.0,8,155000.0
6,1632.0,2.0,800.0,800.0,1.0,1966.0,2000.0,7,173000.0
6,1306.0,2.0,1306.0,1306.0,2.0,2005.0,2005.0,5,196000.0
7,2329.0,2.0,1475.0,1532.0,2.0,1990.0,1990.0,10,262280.0
8,2524.0,2.0,2052.0,2155.125,2.0,1981.0,1981.0,9,278000.0
3,1733.0,2.0,42.0,1733.0,2.0,1955.0,1955.0,8,139600.0
9,2747.625,3.0,1992.0,1992.0,3.0,2005.0,2006.0,10,340037.5
5,990.0,2.0,990.0,990.0,1.0,1994.0,1995.0,5,145000.0
5,1771.0,2.0,42.0,1771.0,1.0,1960.0,2006.0,9,115000.0
4,930.0,1.0,42.0,930.0,1.0,1946.0,2006.0,6,84900.0
7,1302.0,2.0,1302.0,1302.0,2.0,2007.0,2007.0,6,176485.0
7,1316.0,2.0,1316.0,1316.0,2.0,2007.0,2007.0,6,200141.0
6,1977.0,2.0,816.0,1127.0,1.0,1964.0,1978.0,9,165000.0
5,1526.0,1.0,1216.0,1526.0,1.0,1957.0,2002.0,7,144500.0
8,1989.0,2.0,1065.0,1091.0,2.0,2002.0,2002.0,7,255000.0
6,1523.0,2.0,1193.0,1523.0,2.0,1976.0,1976.0,7,180000.0
7,1364.0,2.0,1364.0,1364.0,2.0,2005.0,2005.0,6,185850.0
7,1850.0,2.0,973.0,979.0,2.0,1994.0,1994.0,7,248000.0
9,2184.0,3.0,1104.0,1130.0,2.0,2008.0,2008.0,10,335000.0
6,1991.0,2.0,854.0,1096.0,1.0,1932.0,1950.0,7,220000.0
8,1338.0,2.0,1338.0,1338.0,2.0,2001.0,2001.0,6,213500.0
3,894.0,3.0,894.0,894.0,1.0,1935.0,1950.0,6,81000.0
5,2337.0,2.0,662.0,1422.0,2.0,1900.0,1950.0,10,90000.0
6,1103.0,2.0,1103.0,1103.0,1.0,1925.0,1980.0,5,110500.0
5,1154.0,2.0,1154.0,1154.0,1.0,1966.0,1966.0,6,154000.0
7,2260.0,2.0,1306.0,1306.0,2.0,1996.0,1997.0,7,328000.0
6,1571.0,2.0,799.0,799.0,2.0,1993.0,1994.0,7,178000.0
6,1611.0,2.0,780.0,798.0,1.0,1964.0,1964.0,7,167900.0
6,2521.0,2.0,942.0,1291.0,2.0,1973.0,1973.0,10,151400.0
5,893.0,2.0,845.0,893.0,1.0,1949.0,2003.0,4,135000.0
5,1048.0,1.0,1048.0,1048.0,1.0,1956.0,1956.0,6,135000.0
6,1556.0,2.0,727.0,829.0,1.0,1968.0,1968.0,8,154000.0
5,1456.0,1.0,810.0,1002.0,1.0,1948.0,1950.0,7,91500.0
6,1426.0,2.0,690.0,698.0,1.0,1977.0,1977.0,6,159500.0
7,1240.0,3.0,1240.0,1240.0,2.0,2006.0,2006.0,5,194000.0
7,1740.0,1.0,800.0,960.0,1.0,1940.0,1984.0,6,219500.0
5,1466.0,2.0,796.0,1096.0,2.0,1936.0,1989.0,7,170000.0
5,1096.0,1.0,1096.0,1096.0,1.0,1969.0,1969.0,6,138800.0
6,848.0,2.0,848.0,848.0,1.0,2004.0,2004.0,3,155900.0
5,990.0,1.0,990.0,990.0,1.0,1994.0,1994.0,5,126000.0
6,1258.0,2.0,1258.0,1258.0,2.0,1971.0,2004.0,5,145000.0
5,1040.0,1.0,1040.0,1040.0,1.0,1963.0,1963.0,5,133000.0
7,1459.0,2.0,1459.0,1459.0,2.0,2002.0,2002.0,6,192000.0
6,1251.0,1.0,1251.0,1251.0,1.0,1964.0,1964.0,6,160000.0
6,1498.0,2.0,691.0,691.0,2.0,1995.0,1996.0,6,187500.0
6,996.0,2.0,936.0,996.0,1.0,1992.0,1992.0,5,147000.0
4,1092.0,1.0,546.0,546.0,1.0,1973.0,1973.0,6,83500.0
8,1953.0,3.0,1082.0,1082.0,2.0,2005.0,2006.0,9,252000.0
7,1709.0,2.0,970.0,970.0,2.0,2004.0,2004.0,7,137500.0
8,1247.0,2.0,1247.0,1247.0,1.0,2005.0,2005.0,4,197000.0
3,1040.0,2.0,42.0,1040.0,2.0,1950.0,1950.0,6,92900.0
7,1252.0,2.0,600.0,624.0,2.0,1999.0,2000.0,4,160000.0
6,1694.0,2.0,1181.0,1390.0,2.0,1925.0,1950.0,7,136500.0
5,1200.0,2.0,864.0,1200.0,1.0,1965.0,1998.0,6,146000.0
5,936.0,1.0,936.0,936.0,1.0,1956.0,2000.0,4,129000.0
6,1314.0,2.0,1314.0,1314.0,2.0,2006.0,2006.0,6,176432.0
6,1355.0,0.0,684.0,773.0,1.0,1914.0,2006.0,7,127000.0
8,1088.0,2.0,1074.0,1088.0,1.0,1986.0,1986.0,5,170000.0
4,1324.0,1.0,672.0,757.0,1.0,1936.0,1950.0,6,128000.0
7,1601.0,2.0,1271.0,1601.0,2.0,1978.0,1978.0,7,157000.0
2,438.0,1.0,290.0,438.0,1.0,1920.0,1950.0,3,60000.0
5,950.0,1.0,950.0,950.0,1.0,1971.0,1971.0,5,119500.0
5,1134.0,1.0,1010.0,1134.0,1.0,1960.0,2002.0,6,135000.0
6,1194.0,2.0,655.0,1194.0,1.0,1959.0,1959.0,6,159500.0
5,1302.0,2.0,630.0,630.0,2.0,1970.0,1970.0,6,106000.0
8,2622.0,2.0,1463.0,1500.0,2.0,1994.0,1995.0,9,325000.0
7,1442.0,2.0,910.0,1442.0,2.0,1990.0,1991.0,6,179900.0
7,2021.0,2.0,868.0,887.0,2.0,2006.0,2006.0,9,274725.0
6,1690.0,2.0,924.0,948.0,2.0,2000.0,2000.0,7,181000.0
8,1836.0,3.0,1836.0,1836.0,2.0,2004.0,2005.0,7,280000.0
6,1658.0,2.0,773.0,773.0,2.0,1995.0,1996.0,8,188000.0
7,1964.0,2.0,803.0,1098.0,2.0,1976.0,1976.0,8,205000.0
5,816.0,1.0,816.0,816.0,1.0,1957.0,1957.0,5,129900.0
5,1008.0,1.0,1008.0,1008.0,1.0,1953.0,2006.0,6,134500.0
5,833.0,1.0,833.0,833.0,1.0,1954.0,2000.0,4,117000.0
8,1734.0,3.0,1734.0,1734.0,2.0,2007.0,2007.0,7,318000.0
8,1419.0,2.0,408.0,779.0,2.0,2002.0,2002.0,7,184100.0
5,894.0,2.0,894.0,894.0,1.0,1967.0,2003.0,5,130000.0
5,1601.0,1.0,533.0,1021.0,1.0,1958.0,1987.0,6,140000.0
5,1040.0,1.0,1040.0,1040.0,1.0,1959.0,1959.0,6,133700.0
6,1012.0,1.0,1012.0,1012.0,1.0,1920.0,1950.0,6,118400.0
7,1552.0,3.0,1552.0,1552.0,2.0,2005.0,2006.0,7,212900.0
4,960.0,1.0,672.0,960.0,1.0,1956.0,1956.0,5,112000.0
5,698.0,0.0,698.0,698.0,1.0,1947.0,2008.0,4,118000.0
7,1482.0,2.0,384.0,812.0,2.0,1992.0,1992.0,7,163900.0
4,1005.0,2.0,1005.0,1005.0,1.0,1955.0,1955.0,5,115000.0
7,1555.0,3.0,1373.0,1555.0,2.0,2007.0,2007.0,7,174000.0
7,1530.0,3.0,1530.0,1530.0,2.0,2004.0,2004.0,7,259000.0
7,1959.0,2.0,847.0,847.0,2.0,2004.0,2005.0,8,215000.0
5,936.0,2.0,936.0,936.0,1.0,1980.0,1980.0,4,140000.0
4,1981.0,2.0,1122.0,1328.0,2.0,1928.0,1950.0,7,135000.0
5,974.0,0.0,974.0,974.0,1.0,1991.0,1992.0,5,93500.0
6,2210.0,1.0,1008.0,1178.0,2.0,1885.0,1950.0,8,117500.0
8,2020.0,2.0,1128.0,1142.0,2.0,1995.0,1995.0,8,239500.0
6,1600.0,2.0,916.0,916.0,2.0,1997.0,1997.0,7,169000.0
6,986.0,1.0,960.0,986.0,1.0,1926.0,1950.0,5,102000.0
6,1252.0,1.0,1032.0,1032.0,1.0,1950.0,1950.0,6,119000.0
5,1020.0,0.0,780.0,780.0,1.0,1885.0,1996.0,6,94000.0
6,1567.0,2.0,1567.0,1567.0,2.0,1977.0,1977.0,5,196000.0
5,1167.0,2.0,915.0,1167.0,1.0,1920.0,1950.0,6,144000.0
5,952.0,2.0,952.0,952.0,1.0,1951.0,1951.0,4,139000.0
5,1868.0,2.0,780.0,1088.0,2.0,1976.0,1976.0,9,197500.0
8,2747.625,3.0,1466.0,1466.0,3.0,2006.0,2007.0,10,340037.5
5,1006.0,0.0,1006.0,1006.0,1.0,1959.0,1959.0,5,80000.0
4,924.0,1.0,672.0,672.0,1.0,1941.0,1950.0,5,80000.0
5,1576.0,1.0,1042.0,1042.0,1.0,1928.0,1950.0,8,149000.0
6,1298.0,2.0,1298.0,1298.0,2.0,1985.0,1985.0,5,180000.0
7,1564.0,1.0,704.0,860.0,1.0,1941.0,1950.0,7,174500.0
7,1111.0,1.0,572.0,572.0,1.0,1926.0,1950.0,5,116900.0
7,1482.0,2.0,650.0,832.0,1.0,1920.0,1988.0,7,143000.0
6,932.0,1.0,932.0,932.0,1.0,1950.0,1950.0,4,124000.0
5,1466.0,2.0,1466.0,1466.0,1.0,1959.0,1959.0,6,149900.0
6,1811.0,2.0,1073.0,1811.0,1.0,1956.0,2004.0,6,230000.0
6,816.0,1.0,816.0,816.0,1.0,1930.0,2007.0,5,120500.0
7,1820.0,2.0,864.0,902.0,1.0,1965.0,1988.0,8,201800.0
5,1437.0,2.0,1437.0,1437.0,2.0,1976.0,2004.0,6,218000.0
5,1265.0,2.0,1219.0,1265.0,2.0,1965.0,1999.0,6,179900.0
7,1314.0,2.0,1314.0,1314.0,2.0,2007.0,2008.0,6,230000.0
8,1580.0,3.0,1580.0,1580.0,2.0,2007.0,2008.0,7,235128.0
6,1876.0,2.0,901.0,943.0,2.0,1974.0,1974.0,8,185000.0
6,1456.0,2.0,855.0,855.0,2.0,1978.0,1978.0,7,146000.0
6,1640.0,2.0,1296.0,1640.0,1.0,1954.0,2006.0,7,224000.0
5,894.0,2.0,894.0,894.0,1.0,1968.0,1968.0,5,129000.0
4,1258.0,2.0,1198.0,1258.0,0.0,1969.0,1969.0,6,108959.0
5,1432.0,2.0,1360.0,1432.0,1.0,1978.0,1978.0,5,194000.0
7,1502.0,2.0,1502.0,1502.0,2.0,2009.0,2009.0,7,233170.0
8,1694.0,3.0,1694.0,1694.0,2.0,2008.0,2008.0,7,245350.0
6,1671.0,2.0,959.0,959.0,2.0,2000.0,2000.0,7,173000.0
6,2108.0,2.0,1127.0,1236.0,2.0,1935.0,1986.0,7,235000.0
10,2747.625,3.0,1930.0,1831.0,3.0,1995.0,1996.0,10,340037.5
6,1118.0,1.0,1096.0,1118.0,1.0,1977.0,1977.0,6,171000.0
6,1261.0,2.0,1261.0,1261.0,1.0,1958.0,1958.0,6,163000.0
7,1250.0,2.0,625.0,625.0,2.0,2006.0,2007.0,5,171900.0
5,2747.625,0.0,1598.0,1636.0,3.0,1946.0,1994.0,10,200500.0
6,2345.0,2.0,952.0,1170.0,2.0,1932.0,1950.0,9,239000.0
8,2747.625,2.0,1683.0,2129.0,2.0,1992.0,2000.0,9,285000.0
5,923.0,1.0,876.0,923.0,1.0,1984.0,1985.0,5,119500.0
6,1224.0,1.0,818.0,818.0,1.0,1926.0,2004.0,5,115000.0
5,1343.0,1.0,731.0,820.0,1.0,1921.0,1950.0,7,154900.0
5,1124.0,0.0,42.0,1124.0,1.0,1954.0,1954.0,5,93000.0
7,2514.0,2.0,1216.0,1298.0,2.0,1990.0,1991.0,8,250000.0
8,1652.0,2.0,1600.0,1652.0,2.0,2008.0,2008.0,5,340037.5
10,2747.625,3.0,2052.0,2155.125,3.0,1996.0,1996.0,10,340037.5
5,1130.0,2.0,1120.0,1130.0,1.0,1920.0,1950.0,5,120000.0
5,1572.0,3.0,1572.0,1572.0,1.0,1963.0,1963.0,5,186700.0
5,1221.0,1.0,784.0,949.0,1.0,1924.0,1950.0,7,104900.0
3,1699.0,2.0,978.0,1014.0,2.0,1900.0,1970.0,7,95000.0
8,1624.0,3.0,1624.0,1624.0,2.0,1994.0,1995.0,5,262000.0
7,1660.0,2.0,831.0,831.0,2.0,2002.0,2002.0,7,195000.0
7,1804.0,2.0,994.0,1028.0,2.0,1999.0,1999.0,7,189000.0
4,1622.0,3.5,1249.0,1622.0,1.0,1961.0,1975.0,7,168000.0
8,1441.0,2.0,776.0,764.0,2.0,1999.0,2000.0,5,174000.0
5,1472.0,1.0,702.0,842.0,1.0,1925.0,1994.0,6,125000.0
6,1224.0,2.0,1224.0,1224.0,2.0,1999.0,1999.0,5,165000.0
6,1352.0,1.0,663.0,663.0,1.0,1969.0,1969.0,7,158000.0
6,1456.0,2.0,728.0,728.0,2.0,2005.0,2005.0,8,176000.0
7,1863.0,3.0,879.0,879.0,2.0,2006.0,2006.0,9,219210.0
7,1690.0,1.0,815.0,815.0,1.0,1916.0,1950.0,7,144000.0
7,1212.0,2.0,1212.0,1212.0,2.0,2001.0,2001.0,6,178000.0
4,1382.0,2.0,1051.0,1382.0,1.0,1963.0,1979.0,6,148000.0
4,864.0,1.0,864.0,864.0,1.0,1970.0,1970.0,5,116050.0
7,1779.0,2.0,866.0,866.0,2.0,1998.0,1998.0,6,197900.0
5,1348.0,1.0,884.0,884.0,1.0,1925.0,1997.0,5,117000.0
7,1630.0,2.0,1630.0,1630.0,2.0,2000.0,2001.0,6,213000.0
5,1074.0,2.0,1056.0,1074.0,1.0,1975.0,1975.0,6,153500.0
7,2196.0,3.0,2052.0,2155.125,2.0,1990.0,1991.0,7,271900.0
4,1056.0,1.0,1056.0,1056.0,1.0,1966.0,1966.0,5,107000.0
6,1700.0,2.0,1682.0,1700.0,2.0,2003.0,2003.0,7,200000.0
5,1283.0,2.0,931.0,1283.0,1.0,1962.0,1980.0,6,140000.0
8,1660.0,2.0,1660.0,1660.0,2.0,2006.0,2006.0,8,290000.0
6,1845.0,2.0,1055.0,1055.0,2.0,1992.0,1992.0,8,189000.0
8,1752.0,2.0,559.0,1080.0,2.0,1988.0,2005.0,8,164000.0
4,672.0,1.0,672.0,672.0,1.0,1941.0,1950.0,4,113000.0
4,960.0,1.0,648.0,960.0,0.0,1965.0,2001.0,3,145000.0
5,999.0,1.0,925.0,999.0,1.0,1962.0,1962.0,6,134500.0
5,894.0,1.0,894.0,894.0,1.0,1966.0,1966.0,5,125000.0
6,1902.0,2.0,42.0,1318.0,2.0,1978.0,1978.0,8,112000.0
8,1314.0,2.0,1300.0,1314.0,2.0,2009.0,2009.0,6,229456.0
4,912.0,0.0,42.0,672.0,1.0,1947.0,1950.0,3,80500.0
6,1218.0,0.0,672.0,672.0,1.0,1971.0,1971.0,7,91500.0
5,912.0,1.0,912.0,912.0,1.0,1964.0,1964.0,5,115000.0
5,1211.0,1.0,952.0,1211.0,1.0,1968.0,1968.0,5,134000.0
6,1846.0,1.0,1040.0,1168.0,2.0,1949.0,1950.0,7,143000.0
5,2136.0,2.0,2052.0,2136.0,2.0,1951.0,1951.0,7,137900.0
7,1490.0,2.0,788.0,788.0,2.0,2004.0,2005.0,8,184000.0
6,1138.0,1.0,588.0,1138.0,1.0,1958.0,1958.0,6,145000.0
6,1933.0,3.0,894.0,894.0,2.0,2007.0,2007.0,9,214000.0
5,912.0,2.0,912.0,912.0,1.0,1965.0,2008.0,5,147000.0
9,1702.0,3.0,1702.0,1702.0,1.0,2008.0,2008.0,7,340037.5
5,1507.0,1.0,1075.0,1507.0,2.0,1960.0,1960.0,7,127000.0
5,2620.0,2.0,1361.0,1361.0,2.0,1977.0,1977.0,10,190000.0
5,1190.0,2.0,1106.0,1190.0,1.0,1962.0,1962.0,6,132500.0
4,1224.0,2.0,42.0,1224.0,2.0,1962.0,1962.0,6,101800.0
5,1188.0,2.0,1188.0,1188.0,1.0,1959.0,1959.0,6,142000.0
5,1964.0,0.0,940.0,1024.0,1.0,1911.0,1950.0,7,130000.0
5,1784.0,1.0,747.0,892.0,1.0,1914.0,1950.0,9,138887.0
7,1626.0,2.0,764.0,764.0,2.0,2003.0,2003.0,6,175500.0
7,1948.0,2.0,847.0,847.0,2.0,2004.0,2005.0,8,195000.0
6,1141.0,2.0,1141.0,1141.0,1.0,2005.0,2005.0,6,142500.0
8,1484.0,2.0,1476.0,1484.0,2.0,2006.0,2006.0,6,265900.0
7,1768.0,2.0,884.0,884.0,2.0,2003.0,2003.0,8,224900.0
7,1689.0,3.0,1689.0,1689.0,2.0,2007.0,2007.0,7,248328.0
7,1173.0,2.0,1053.0,1173.0,2.0,1974.0,1974.0,6,170000.0
10,2076.0,3.0,2052.0,2076.0,2.0,2006.0,2006.0,7,340037.5
8,1517.0,2.0,792.0,792.0,1.0,1929.0,1950.0,7,230000.0
6,1868.0,2.0,585.0,1140.0,3.0,1984.0,2003.0,7,178000.0
7,1553.0,2.0,756.0,756.0,2.0,2005.0,2006.0,6,186500.0
6,1034.0,3.0,1012.0,1034.0,1.0,1976.0,1976.0,6,169900.0
6,2058.0,2.0,735.0,1134.0,1.0,1917.0,1950.0,8,129500.0
5,988.0,1.0,876.0,988.0,1.0,1950.0,1950.0,6,119000.0
7,2110.0,2.0,2052.0,2110.0,2.0,1968.0,1968.0,8,244000.0
7,1405.0,2.0,1405.0,1405.0,2.0,2003.0,2003.0,6,171750.0
5,874.0,1.0,864.0,874.0,1.0,1968.0,1968.0,5,130000.0
7,2167.0,2.0,1192.0,1516.0,2.0,1974.0,2003.0,9,294000.0
7,1656.0,2.0,746.0,760.0,2.0,2003.0,2004.0,7,165400.0
6,1367.0,1.0,884.0,959.0,1.0,1931.0,1950.0,6,127500.0
8,1987.0,2.0,1986.0,1987.0,2.0,1994.0,1994.0,7,301500.0
5,864.0,0.0,864.0,864.0,1.0,1922.0,1950.0,4,99900.0
7,1166.0,2.0,856.0,1166.0,2.0,2005.0,2005.0,5,190000.0
6,1054.0,2.0,1054.0,1054.0,1.0,1969.0,1969.0,6,151000.0
6,1675.0,2.0,841.0,892.0,2.0,1999.0,1999.0,7,181000.0
5,1050.0,1.0,1050.0,1050.0,1.0,1956.0,1956.0,5,128900.0
4,1788.0,1.0,1104.0,1104.0,1.0,1957.0,1989.0,8,161500.0
6,1824.0,2.0,764.0,1060.0,1.0,1919.0,1950.0,8,180500.0
6,1337.0,2.0,1405.0,1337.0,2.0,1998.0,1999.0,5,181000.0
7,1452.0,2.0,691.0,713.0,2.0,1999.0,1999.0,6,183900.0
7,1889.0,1.0,925.0,964.0,1.0,1910.0,1950.0,9,122000.0
9,2018.0,3.0,2002.0,2018.0,2.0,2008.0,2009.0,10,340037.5
8,2747.625,3.0,728.0,1968.0,3.0,1935.0,1997.0,10,340037.5
5,1524.0,1.0,874.0,874.0,1.0,1958.0,1958.0,7,144000.0
7,1524.0,2.0,1332.0,1332.0,0.0,1979.0,1979.0,4,260000.0
6,1489.0,2.0,1489.0,1489.0,2.0,1968.0,1968.0,7,185750.0
5,935.0,1.0,935.0,935.0,1.0,1965.0,1965.0,5,137000.0
6,1357.0,1.0,1019.0,1357.0,1.0,1959.0,2006.0,5,177000.0
5,1250.0,2.0,661.0,661.0,2.0,1910.0,2003.0,8,139000.0
5,1920.0,2.0,928.0,928.0,2.0,1948.0,1950.0,10,137000.0
6,1395.0,2.0,723.0,735.0,1.0,1972.0,1972.0,6,162000.0
6,1724.0,2.0,1680.0,1724.0,1.0,1967.0,1976.0,7,197900.0
8,2031.0,2.0,1128.0,1128.0,2.0,2002.0,2002.0,7,237000.0
4,1128.0,2.0,698.0,698.0,1.0,1920.0,1950.0,6,68400.0
7,1573.0,2.0,1573.0,1573.0,2.0,2002.0,2002.0,6,227000.0
7,1339.0,2.0,1309.0,1339.0,2.0,1990.0,1990.0,6,180000.0
5,1040.0,2.0,1040.0,1040.0,2.0,1977.0,2008.0,5,150500.0
6,1824.0,0.0,912.0,912.0,2.0,1971.0,1971.0,8,139000.0
6,2447.0,1.0,804.0,1699.0,2.0,1919.0,1990.0,10,169000.0
6,1412.0,1.0,780.0,825.0,1.0,1939.0,1950.0,6,132500.0
6,1328.0,2.0,1328.0,1328.0,1.0,1963.0,1963.0,6,143000.0
5,1582.0,2.0,1624.0,1582.0,2.0,1964.0,1964.0,7,190000.0
8,1659.0,2.0,1501.0,1659.0,2.0,2000.0,2000.0,5,278000.0
8,1970.0,3.0,1085.0,1120.0,2.0,2006.0,2006.0,8,281000.0
5,1152.0,2.0,1152.0,1152.0,1.0,1964.0,1964.0,6,180500.0
5,1302.0,1.0,630.0,630.0,2.0,1972.0,1972.0,6,119500.0
5,2372.0,1.0,994.0,1378.0,2.0,1892.0,1965.0,10,107500.0
7,1664.0,2.0,832.0,832.0,2.0,1976.0,1976.0,8,162900.0
5,864.0,2.0,864.0,864.0,1.0,1955.0,1990.0,5,115000.0
5,1052.0,1.0,1052.0,1052.0,1.0,1968.0,1968.0,5,138500.0
5,1128.0,2.0,1120.0,1128.0,2.0,1963.0,1963.0,6,155000.0
6,1072.0,2.0,547.0,1072.0,2.0,2005.0,2006.0,5,140000.0
10,2747.625,2.0,2052.0,2155.125,2.0,2008.0,2008.0,10,160000.0
5,1246.0,1.0,1246.0,1246.0,1.0,1959.0,1994.0,6,154000.0
7,1983.0,2.0,978.0,1005.0,2.0,1999.0,1999.0,9,225000.0
6,1494.0,1.0,771.0,753.0,1.0,1942.0,1950.0,7,177500.0
8,2526.0,3.0,1165.0,1203.0,2.0,1994.0,1994.0,8,290000.0
7,1616.0,3.0,1616.0,1616.0,2.0,2005.0,2005.0,7,232000.0
7,1708.0,2.0,976.0,976.0,2.0,2004.0,2004.0,7,130000.0
9,1652.0,2.0,1652.0,1652.0,2.0,2006.0,2007.0,6,325000.0
7,1368.0,2.0,1368.0,1368.0,2.0,2005.0,2006.0,6,202500.0
5,990.0,2.0,990.0,990.0,1.0,1994.0,1995.0,5,138000.0
5,1122.0,2.0,924.0,1122.0,1.0,1948.0,2005.0,6,147000.0
6,1294.0,2.0,1278.0,1294.0,2.0,1991.0,1991.0,6,179200.0
7,1902.0,2.0,1902.0,1902.0,2.0,1959.0,2002.0,7,335000.0
7,1274.0,2.0,1274.0,1274.0,2.0,2005.0,2007.0,6,203000.0
8,2747.625,2.0,1453.0,1453.0,2.0,1990.0,1990.0,9,302000.0
9,2599.0,3.0,1393.0,1422.0,2.0,1999.0,1999.0,10,333168.0
4,948.0,1.0,948.0,948.0,1.0,1954.0,1954.0,5,119000.0
6,2112.0,2.0,952.0,1092.0,2.0,1969.0,1969.0,9,206900.0
8,1630.0,3.0,1622.0,1630.0,2.0,2008.0,2008.0,8,295493.0
7,1352.0,2.0,1352.0,1352.0,2.0,2006.0,2007.0,5,208900.0
8,1787.0,3.0,1753.0,1787.0,2.0,2001.0,2002.0,7,275000.0
4,948.0,1.0,864.0,948.0,1.0,1954.0,1954.0,5,111000.0
6,1478.0,2.0,1478.0,1478.0,1.0,1957.0,1957.0,6,156500.0
3,720.0,1.0,42.0,720.0,1.0,1949.0,1950.0,4,72500.0
7,1923.0,2.0,750.0,1061.0,2.0,1992.0,1992.0,8,190000.0
4,708.0,0.0,420.0,708.0,1.0,1940.0,1950.0,5,82500.0
8,1795.0,3.0,1795.0,1795.0,2.0,2006.0,2007.0,7,147000.0
4,796.0,0.0,796.0,796.0,1.0,1922.0,1950.0,5,55000.0
3,774.0,0.0,544.0,774.0,1.0,1931.0,2006.0,6,79000.0
5,816.0,1.0,816.0,816.0,1.0,1982.0,2008.0,5,130500.0
6,2747.625,2.0,1510.0,1584.0,2.0,1920.0,1950.0,8,256000.0
7,1632.0,2.0,935.0,955.0,2.0,1998.0,1998.0,8,176500.0
8,1588.0,3.0,1588.0,1588.0,2.0,2006.0,2006.0,7,227000.0
5,954.0,2.0,911.0,954.0,1.0,1976.0,1976.0,6,132500.0
4,816.0,1.0,816.0,816.0,1.0,1938.0,1958.0,3,100000.0
5,1360.0,1.0,803.0,803.0,1.0,1938.0,1995.0,6,125500.0
5,1365.0,2.0,765.0,765.0,1.0,1970.0,1970.0,7,125000.0
6,1334.0,2.0,1350.0,1334.0,2.0,1977.0,1977.0,6,167900.0
5,1656.0,2.0,1656.0,1656.0,2.0,1973.0,1973.0,8,135000.0
4,693.0,0.0,693.0,693.0,1.0,1941.0,1950.0,4,52500.0
7,1861.0,2.0,916.0,920.0,2.0,2002.0,2002.0,8,200000.0
5,864.0,1.0,864.0,864.0,1.0,1972.0,1972.0,5,128500.0
4,872.0,3.5,858.0,872.0,1.0,1971.0,1971.0,5,123000.0
6,1114.0,2.0,1114.0,1114.0,1.0,2003.0,2004.0,6,155000.0
8,2169.0,2.0,1284.0,1284.0,2.0,2002.0,2002.0,7,228500.0
6,1913.0,2.0,896.0,1172.0,1.0,1928.0,1950.0,9,177000.0
7,1456.0,2.0,728.0,728.0,2.0,2006.0,2006.0,8,155835.0
4,960.0,1.0,960.0,960.0,1.0,1920.0,1950.0,5,108500.0
7,2156.0,2.0,1568.0,2155.125,2.0,1968.0,2003.0,9,262500.0
8,1776.0,3.0,1732.0,1776.0,2.0,2006.0,2007.0,7,283463.0
7,1494.0,2.0,1482.0,1494.0,2.0,1998.0,1998.0,5,215000.0
8,2358.0,0.0,684.0,938.0,2.0,1885.0,1987.0,8,122000.0
5,2634.0,3.5,1248.0,1338.0,2.0,1969.0,1969.0,10,200000.0
6,1716.0,2.0,858.0,858.0,1.0,1962.0,1962.0,8,171000.0
6,1176.0,2.0,698.0,786.0,1.0,1937.0,2000.0,4,134900.0
8,2747.625,3.0,2033.0,2053.0,2.0,1995.0,1996.0,9,340037.5
7,1865.0,3.0,992.0,992.0,2.0,2000.0,2000.0,7,235000.0
7,1920.0,2.0,570.0,1222.0,3.0,1968.0,1992.0,8,170000.0
5,892.0,1.0,864.0,892.0,1.0,1966.0,1966.0,5,110000.0
5,1078.0,2.0,1078.0,1078.0,1.0,1971.0,2008.0,6,149900.0
6,1573.0,2.0,756.0,769.0,2.0,2000.0,2000.0,5,177500.0
9,1980.0,3.0,1980.0,1980.0,2.0,2004.0,2005.0,8,315000.0
5,2601.0,2.0,612.0,990.0,3.0,1921.0,1998.0,8,189000.0
7,1530.0,2.0,1530.0,1530.0,2.0,2005.0,2005.0,7,260000.0
4,1738.0,1.0,715.0,1281.0,2.0,1920.0,2007.0,7,104900.0
6,1412.0,2.0,616.0,616.0,2.0,2006.0,2007.0,6,156932.0
7,1200.0,2.0,600.0,520.0,2.0,2005.0,2005.0,4,144152.0
7,1674.0,2.0,814.0,814.0,2.0,2000.0,2000.0,7,216000.0
7,1790.0,2.0,873.0,882.0,2.0,1999.0,1999.0,7,193000.0
5,1475.0,1.0,757.0,925.0,2.0,1977.0,1977.0,6,127000.0
6,848.0,2.0,848.0,848.0,1.0,2003.0,2004.0,4,144000.0
8,1668.0,2.0,1657.0,1668.0,2.0,2003.0,2003.0,8,232000.0
4,1374.0,1.0,840.0,840.0,1.0,1920.0,1950.0,6,105000.0
6,1661.0,1.0,992.0,1661.0,1.0,1955.0,1996.0,8,165500.0
7,2097.0,2.0,1108.0,1108.0,2.0,1998.0,1998.0,8,274300.0
10,2633.0,3.0,2052.0,2155.125,2.0,2001.0,2002.0,8,340037.5
7,1958.0,3.0,1026.0,1026.0,2.0,2005.0,2005.0,9,250000.0
8,1571.0,3.0,1571.0,1571.0,2.0,2007.0,2007.0,7,239000.0
6,790.0,1.0,768.0,790.0,1.0,1930.0,1950.0,4,91000.0
5,1604.0,2.0,984.0,984.0,2.0,1941.0,1960.0,6,117000.0
6,987.0,1.0,483.0,483.0,1.0,1973.0,1973.0,5,83000.0
5,1394.0,2.0,384.0,754.0,2.0,2006.0,2007.0,7,167500.0
3,864.0,1.0,864.0,864.0,1.0,1914.0,1950.0,5,58500.0
6,2117.0,2.0,1205.0,2117.0,2.0,1970.0,1970.0,7,237500.0
7,1762.0,2.0,596.0,998.0,1.0,1920.0,1950.0,8,157000.0
5,1416.0,2.0,816.0,1416.0,2.0,1918.0,2007.0,7,112000.0
6,1258.0,1.0,560.0,698.0,1.0,1939.0,1950.0,6,105000.0
4,1154.0,1.0,796.0,796.0,1.0,1922.0,2007.0,7,125500.0
7,2747.625,2.0,1392.0,1392.0,3.0,1978.0,1978.0,10,250000.0
6,2526.0,1.0,714.0,1664.0,2.0,1916.0,1950.0,10,136000.0
9,1746.0,3.0,1746.0,1746.0,2.0,2006.0,2007.0,7,340037.5
6,1218.0,2.0,735.0,869.0,1.0,1941.0,1950.0,6,131000.0
7,1525.0,2.0,1525.0,1525.0,2.0,2000.0,2000.0,6,235000.0
5,1584.0,3.0,1584.0,1584.0,2.0,1967.0,1967.0,8,124000.0
5,900.0,1.0,864.0,900.0,1.0,1967.0,1967.0,6,123000.0
6,1912.0,2.0,482.0,1221.0,2.0,1905.0,2000.0,7,163000.0
7,1500.0,3.0,1356.0,1500.0,2.0,2006.0,2006.0,6,246578.0
8,2482.0,3.0,1094.0,1133.0,2.0,2005.0,2006.0,9,281213.0
5,1687.0,2.0,747.0,1687.0,1.0,1948.0,1950.0,7,160000.0
5,1513.0,1.0,939.0,939.0,1.0,1920.0,2004.0,8,137500.0
5,1904.0,1.0,1208.0,1136.0,1.0,1950.0,1982.0,7,138000.0
6,1608.0,1.0,976.0,1160.0,2.0,1925.0,1990.0,7,137450.0
6,1158.0,1.0,862.0,950.0,1.0,1929.0,1950.0,5,120000.0
6,1593.0,2.0,839.0,864.0,2.0,2004.0,2004.0,8,193000.0
7,1294.0,2.0,1286.0,1294.0,2.0,2006.0,2006.0,6,193879.0
8,1464.0,3.0,1485.0,1464.0,2.0,2007.0,2007.0,6,282922.0
3,1214.0,3.0,672.0,694.0,1.0,1915.0,1950.0,6,105000.0
8,1646.0,2.0,1594.0,1646.0,2.0,2004.0,2005.0,5,275000.0
5,768.0,2.0,768.0,768.0,1.0,1972.0,2007.0,5,133000.0
5,833.0,0.0,833.0,833.0,1.0,1985.0,1985.0,5,112000.0
4,1363.0,2.0,622.0,741.0,1.0,1910.0,1950.0,6,125500.0
7,2093.0,2.0,791.0,1236.0,2.0,1986.0,1991.0,7,215000.0
7,1840.0,2.0,944.0,944.0,2.0,2001.0,2001.0,6,230000.0
6,1668.0,1.0,856.0,1112.0,1.0,1950.0,2005.0,6,140000.0
4,1040.0,2.0,42.0,1040.0,2.0,1949.0,1950.0,6,90000.0
8,1844.0,2.0,1844.0,1844.0,2.0,2005.0,2006.0,7,257000.0
6,1848.0,2.0,833.0,1053.0,1.0,1923.0,2000.0,8,207000.0
7,1569.0,3.0,1386.0,1569.0,2.0,2007.0,2007.0,7,175900.0
4,2290.0,2.0,777.0,1246.0,2.0,1885.0,1950.0,10,122500.0
8,2450.0,3.0,1284.0,1310.0,2.0,1998.0,1998.0,7,340000.0
5,1144.0,1.0,1144.0,1144.0,1.0,1963.0,1963.0,6,124000.0
6,1844.0,2.0,1844.0,1844.0,2.0,1969.0,1969.0,7,223000.0
6,1416.0,2.0,708.0,708.0,2.0,1968.0,1968.0,7,179900.0
6,1069.0,2.0,1069.0,1069.0,2.0,1977.0,1977.0,4,127500.0
6,848.0,2.0,848.0,848.0,1.0,2003.0,2003.0,3,136500.0
6,2201.0,2.0,697.0,1575.0,2.0,1966.0,1966.0,8,274970.0
5,1344.0,1.0,1024.0,1344.0,1.0,1958.0,1983.0,6,144000.0
6,1252.0,2.0,1252.0,1252.0,1.0,1959.0,1959.0,7,142000.0
7,2127.0,2.0,1223.0,1223.0,2.0,1994.0,1994.0,5,271000.0
5,1558.0,1.0,913.0,1048.0,1.0,1945.0,1950.0,6,140000.0
5,804.0,1.0,788.0,804.0,1.0,1940.0,1992.0,4,119000.0
6,1440.0,2.0,1440.0,1440.0,2.0,1981.0,1981.0,7,182900.0
5,1838.0,2.0,732.0,734.0,2.0,2005.0,2005.0,7,192140.0
6,958.0,2.0,958.0,958.0,2.0,1976.0,1976.0,5,143750.0
4,968.0,1.0,656.0,968.0,2.0,1927.0,2007.0,5,64500.0
6,1792.0,2.0,936.0,962.0,2.0,2000.0,2000.0,8,186500.0
5,1126.0,2.0,1126.0,1126.0,2.0,1977.0,1977.0,5,160000.0
6,1537.0,2.0,1319.0,1537.0,1.0,1962.0,2005.0,7,174000.0
4,864.0,2.0,864.0,864.0,1.0,1971.0,1971.0,5,120500.0
8,1932.0,3.0,1932.0,1932.0,2.0,2008.0,2008.0,7,340037.5
6,1236.0,2.0,912.0,1236.0,1.0,1957.0,1996.0,6,149700.0
7,1725.0,2.0,539.0,1040.0,2.0,1979.0,1979.0,6,197000.0
6,2555.0,2.0,588.0,1423.0,2.0,1922.0,1994.0,10,191000.0
6,848.0,2.0,848.0,848.0,1.0,2004.0,2004.0,3,149300.0
10,2007.0,3.0,1017.0,1026.0,2.0,2008.0,2008.0,10,310000.0
6,952.0,1.0,952.0,952.0,1.0,1916.0,1950.0,4,121000.0
7,1422.0,2.0,1422.0,1422.0,2.0,2004.0,2004.0,7,179600.0
6,913.0,1.0,814.0,913.0,1.0,1966.0,1966.0,6,129000.0
5,1188.0,1.0,1188.0,1188.0,1.0,1962.0,1962.0,6,157900.0
8,2090.0,2.0,1220.0,1220.0,2.0,1995.0,1996.0,8,240000.0
4,1346.0,1.0,560.0,796.0,1.0,1910.0,2000.0,6,112000.0
5,630.0,0.0,630.0,630.0,1.0,1970.0,1970.0,3,92000.0
5,1792.0,0.0,896.0,896.0,2.0,1974.0,1974.0,8,136000.0
8,1578.0,3.0,1573.0,1578.0,2.0,2008.0,2009.0,7,287090.0
5,1072.0,2.0,547.0,1072.0,1.0,2005.0,2005.0,5,145000.0
5,1140.0,0.0,1140.0,1140.0,1.0,2006.0,2006.0,6,84500.0
7,1221.0,2.0,1221.0,1221.0,2.0,2004.0,2005.0,6,185000.0
6,1647.0,2.0,953.0,953.0,2.0,1999.0,2000.0,7,175000.0
6,2073.0,2.0,1542.0,2073.0,2.0,1978.0,1988.0,7,210000.0
7,2340.0,1.0,1152.0,1188.0,2.0,1941.0,2006.0,9,266500.0
5,1078.0,1.0,1078.0,1078.0,1.0,1950.0,1996.0,5,142125.0
5,1256.0,1.0,1256.0,1256.0,1.0,1965.0,1965.0,6,147500.0
